Sample_ID	sR1	sR2
A21_2022	/prj/DECODE/ea_biofilm_results_AT_additional/preprocessed/reads/A21_2022/A21_2022_filtered.R1.fq.gz	/prj/DECODE/ea_biofilm_results_AT_additional/preprocessed/reads/A21_2022/A21_2022_filtered.R2.fq.gz
A27_2023	/prj/DECODE/ea_biofilm_results_AT_additional/preprocessed/reads/A27_2023/A27_2023_filtered.R1.fq.gz	/prj/DECODE/ea_biofilm_results_AT_additional/preprocessed/reads/A27_2023/A27_2023_filtered.R2.fq.gz
A29_2023	/prj/DECODE/ea_biofilm_results_AT_additional/preprocessed/reads/A29_2023/A29_2023_filtered.R1.fq.gz	/prj/DECODE/ea_biofilm_results_AT_additional/preprocessed/reads/A29_2023/A29_2023_filtered.R2.fq.gz
A30_2022	/prj/DECODE/ea_biofilm_results/preprocessed/reads/A30_2022/A30_2022_filtered.R1.fq.gz	/prj/DECODE/ea_biofilm_results/preprocessed/reads/A30_2022/A30_2022_filtered.R2.fq.gz
A30_2023	/prj/DECODE/ea_biofilm_results_AT_additional/preprocessed/reads/A30_2023/A30_2023_filtered.R1.fq.gz	/prj/DECODE/ea_biofilm_results_AT_additional/preprocessed/reads/A30_2023/A30_2023_filtered.R2.fq.gz
A3_2022	/prj/DECODE/ea_biofilm_results/preprocessed/reads/A3_2022/A3_2022_filtered.R1.fq.gz	/prj/DECODE/ea_biofilm_results/preprocessed/reads/A3_2022/A3_2022_filtered.R2.fq.gz
A3_2023	/prj/DECODE/ea_biofilm_results_AT_additional/preprocessed/reads/A3_2023/A3_2023_filtered.R1.fq.gz	/prj/DECODE/ea_biofilm_results_AT_additional/preprocessed/reads/A3_2023/A3_2023_filtered.R2.fq.gz
A39_2021	/prj/DECODE/ea_biofilm_results_AT/preprocessed/reads/A39_2021/A39_2021_filtered.R1.fq.gz	/prj/DECODE/ea_biofilm_results_AT/preprocessed/reads/A39_2021/A39_2021_filtered.R2.fq.gz
A43_2021	/prj/DECODE/ea_biofilm_results/preprocessed/reads/A43_2021/A43_2021_filtered.R1.fq.gz	/prj/DECODE/ea_biofilm_results/preprocessed/reads/A43_2021/A43_2021_filtered.R2.fq.gz
A44_2021	/prj/DECODE/ea_biofilm_results/preprocessed/reads/A44_2021/A44_2021_filtered.R1.fq.gz	/prj/DECODE/ea_biofilm_results/preprocessed/reads/A44_2021/A44_2021_filtered.R2.fq.gz
A53_2023	/prj/DECODE/ea_biofilm_results_AT_additional/preprocessed/reads/A53_2023/A53_2023_filtered.R1.fq.gz	/prj/DECODE/ea_biofilm_results_AT_additional/preprocessed/reads/A53_2023/A53_2023_filtered.R2.fq.gz
A54_2022	/prj/DECODE/ea_biofilm_results_AT/preprocessed/reads/A54_2022/A54_2022_filtered.R1.fq.gz	/prj/DECODE/ea_biofilm_results_AT/preprocessed/reads/A54_2022/A54_2022_filtered.R2.fq.gz
A57_2023	/prj/DECODE/ea_biofilm_results_AT_additional/preprocessed/reads/A57_2023/A57_2023_filtered.R1.fq.gz	/prj/DECODE/ea_biofilm_results_AT_additional/preprocessed/reads/A57_2023/A57_2023_filtered.R2.fq.gz
A59_2023	/prj/DECODE/ea_biofilm_results_AT_additional/preprocessed/reads/A59_2023/A59_2023_filtered.R1.fq.gz	/prj/DECODE/ea_biofilm_results_AT_additional/preprocessed/reads/A59_2023/A59_2023_filtered.R2.fq.gz
A60_2021	/prj/DECODE/ea_biofilm_results_AT_additional/preprocessed/reads/A60_2021/A60_2021_filtered.R1.fq.gz	/prj/DECODE/ea_biofilm_results_AT_additional/preprocessed/reads/A60_2021/A60_2021_filtered.R2.fq.gz
A60_2022	/prj/DECODE/ea_biofilm_results_AT_additional/preprocessed/reads/A60_2022/A60_2022_filtered.R1.fq.gz	/prj/DECODE/ea_biofilm_results_AT_additional/preprocessed/reads/A60_2022/A60_2022_filtered.R2.fq.gz
A60_2023	/prj/DECODE/ea_biofilm_results_AT_additional/preprocessed/reads/A60_2023/A60_2023_filtered.R1.fq.gz	/prj/DECODE/ea_biofilm_results_AT_additional/preprocessed/reads/A60_2023/A60_2023_filtered.R2.fq.gz
A6_2021	/prj/DECODE/ea_biofilm_results_AT_additional/preprocessed/reads/A6_2021/A6_2021_filtered.R1.fq.gz	/prj/DECODE/ea_biofilm_results_AT_additional/preprocessed/reads/A6_2021/A6_2021_filtered.R2.fq.gz
A62_2022	/prj/DECODE/ea_biofilm_results_AT_additional/preprocessed/reads/A62_2022/A62_2022_filtered.R1.fq.gz	/prj/DECODE/ea_biofilm_results_AT_additional/preprocessed/reads/A62_2022/A62_2022_filtered.R2.fq.gz
A7_2021	/prj/DECODE/ea_biofilm_results/preprocessed/reads/A7_2021/A7_2021_filtered.R1.fq.gz	/prj/DECODE/ea_biofilm_results/preprocessed/reads/A7_2021/A7_2021_filtered.R2.fq.gz
A7_2023	/prj/DECODE/ea_biofilm_results_AT_additional/preprocessed/reads/A7_2023/A7_2023_filtered.R1.fq.gz	/prj/DECODE/ea_biofilm_results_AT_additional/preprocessed/reads/A7_2023/A7_2023_filtered.R2.fq.gz
B10_2021	/prj/DECODE/ea_biofilm_results/preprocessed/reads/B10_2021/B10_2021_filtered.R1.fq.gz	/prj/DECODE/ea_biofilm_results/preprocessed/reads/B10_2021/B10_2021_filtered.R2.fq.gz
B1_2022	/prj/DECODE/ea_biofilm_results/preprocessed/reads/B1_2022/B1_2022_filtered.R1.fq.gz	/prj/DECODE/ea_biofilm_results/preprocessed/reads/B1_2022/B1_2022_filtered.R2.fq.gz
B12_2021	/prj/DECODE/ea_biofilm_results/preprocessed/reads/B12_2021/B12_2021_filtered.R1.fq.gz	/prj/DECODE/ea_biofilm_results/preprocessed/reads/B12_2021/B12_2021_filtered.R2.fq.gz
B12_2022	/prj/DECODE/ea_biofilm_results_AT_additional/preprocessed/reads/B12_2022/B12_2022_filtered.R1.fq.gz	/prj/DECODE/ea_biofilm_results_AT_additional/preprocessed/reads/B12_2022/B12_2022_filtered.R2.fq.gz
B12_2023	/prj/DECODE/ea_biofilm_results_AT_additional/preprocessed/reads/B12_2023/B12_2023_filtered.R1.fq.gz	/prj/DECODE/ea_biofilm_results_AT_additional/preprocessed/reads/B12_2023/B12_2023_filtered.R2.fq.gz
B13_2021	/prj/DECODE/ea_biofilm_results/preprocessed/reads/B13_2021/B13_2021_filtered.R1.fq.gz	/prj/DECODE/ea_biofilm_results/preprocessed/reads/B13_2021/B13_2021_filtered.R2.fq.gz
B14_2022	/prj/DECODE/ea_biofilm_results_AT_additional/preprocessed/reads/B14_2022/B14_2022_filtered.R1.fq.gz	/prj/DECODE/ea_biofilm_results_AT_additional/preprocessed/reads/B14_2022/B14_2022_filtered.R2.fq.gz
B17_2021	/prj/DECODE/ea_biofilm_results_AT_additional/preprocessed/reads/B17_2021/B17_2021_filtered.R1.fq.gz	/prj/DECODE/ea_biofilm_results_AT_additional/preprocessed/reads/B17_2021/B17_2021_filtered.R2.fq.gz
B18_2021	/prj/DECODE/ea_biofilm_results_AT_additional/preprocessed/reads/B18_2021/B18_2021_filtered.R1.fq.gz	/prj/DECODE/ea_biofilm_results_AT_additional/preprocessed/reads/B18_2021/B18_2021_filtered.R2.fq.gz
B18_2023	/prj/DECODE/ea_biofilm_results_AT_additional/preprocessed/reads/B18_2023/B18_2023_filtered.R1.fq.gz	/prj/DECODE/ea_biofilm_results_AT_additional/preprocessed/reads/B18_2023/B18_2023_filtered.R2.fq.gz
B20_2023	/prj/DECODE/ea_biofilm_results_AT_additional/preprocessed/reads/B20_2023/B20_2023_filtered.R1.fq.gz	/prj/DECODE/ea_biofilm_results_AT_additional/preprocessed/reads/B20_2023/B20_2023_filtered.R2.fq.gz
B23_2021	/prj/DECODE/ea_biofilm_results/preprocessed/reads/B23_2021/B23_2021_filtered.R1.fq.gz	/prj/DECODE/ea_biofilm_results/preprocessed/reads/B23_2021/B23_2021_filtered.R2.fq.gz
B24_2021	/prj/DECODE/ea_biofilm_results/preprocessed/reads/B24_2021/B24_2021_filtered.R1.fq.gz	/prj/DECODE/ea_biofilm_results/preprocessed/reads/B24_2021/B24_2021_filtered.R2.fq.gz
B25_2021	/prj/DECODE/ea_biofilm_results/preprocessed/reads/B25_2021/B25_2021_filtered.R1.fq.gz	/prj/DECODE/ea_biofilm_results/preprocessed/reads/B25_2021/B25_2021_filtered.R2.fq.gz
B25_2022	/prj/DECODE/ea_biofilm_results_AT_additional/preprocessed/reads/B25_2022/B25_2022_filtered.R1.fq.gz	/prj/DECODE/ea_biofilm_results_AT_additional/preprocessed/reads/B25_2022/B25_2022_filtered.R2.fq.gz
B29_2021	/prj/DECODE/ea_biofilm_results_AT_additional/preprocessed/reads/B29_2021/B29_2021_filtered.R1.fq.gz	/prj/DECODE/ea_biofilm_results_AT_additional/preprocessed/reads/B29_2021/B29_2021_filtered.R2.fq.gz
B30_2023	/prj/DECODE/ea_biofilm_results_AT_additional/preprocessed/reads/B30_2023/B30_2023_filtered.R1.fq.gz	/prj/DECODE/ea_biofilm_results_AT_additional/preprocessed/reads/B30_2023/B30_2023_filtered.R2.fq.gz
B31_2021	/prj/DECODE/ea_biofilm_results/preprocessed/reads/B31_2021/B31_2021_filtered.R1.fq.gz	/prj/DECODE/ea_biofilm_results/preprocessed/reads/B31_2021/B31_2021_filtered.R2.fq.gz
B36_2023	/prj/DECODE/ea_biofilm_results_AT_additional/preprocessed/reads/B36_2023/B36_2023_filtered.R1.fq.gz	/prj/DECODE/ea_biofilm_results_AT_additional/preprocessed/reads/B36_2023/B36_2023_filtered.R2.fq.gz
B37_2021	/prj/DECODE/ea_biofilm_results/preprocessed/reads/B37_2021/B37_2021_filtered.R1.fq.gz	/prj/DECODE/ea_biofilm_results/preprocessed/reads/B37_2021/B37_2021_filtered.R2.fq.gz
B38_2022	/prj/DECODE/ea_biofilm_results/preprocessed/reads/B38_2022/B38_2022_filtered.R1.fq.gz	/prj/DECODE/ea_biofilm_results/preprocessed/reads/B38_2022/B38_2022_filtered.R2.fq.gz
B39_2023	/prj/DECODE/ea_biofilm_results_AT_additional/preprocessed/reads/B39_2023/B39_2023_filtered.R1.fq.gz	/prj/DECODE/ea_biofilm_results_AT_additional/preprocessed/reads/B39_2023/B39_2023_filtered.R2.fq.gz
B43_2021	/prj/DECODE/ea_biofilm_results/preprocessed/reads/B43_2021/B43_2021_filtered.R1.fq.gz	/prj/DECODE/ea_biofilm_results/preprocessed/reads/B43_2021/B43_2021_filtered.R2.fq.gz
B47_2021	/prj/DECODE/ea_biofilm_results/preprocessed/reads/B47_2021/B47_2021_filtered.R1.fq.gz	/prj/DECODE/ea_biofilm_results/preprocessed/reads/B47_2021/B47_2021_filtered.R2.fq.gz
B48_2021	/prj/DECODE/ea_biofilm_results/preprocessed/reads/B48_2021/B48_2021_filtered.R1.fq.gz	/prj/DECODE/ea_biofilm_results/preprocessed/reads/B48_2021/B48_2021_filtered.R2.fq.gz
B5_2022	/prj/DECODE/ea_biofilm_results_AT_additional/preprocessed/reads/B5_2022/B5_2022_filtered.R1.fq.gz	/prj/DECODE/ea_biofilm_results_AT_additional/preprocessed/reads/B5_2022/B5_2022_filtered.R2.fq.gz
B5_2023	/prj/DECODE/ea_biofilm_results_AT_additional/preprocessed/reads/B5_2023/B5_2023_filtered.R1.fq.gz	/prj/DECODE/ea_biofilm_results_AT_additional/preprocessed/reads/B5_2023/B5_2023_filtered.R2.fq.gz
B57_2022	/prj/DECODE/ea_biofilm_results_AT_additional/preprocessed/reads/B57_2022/B57_2022_filtered.R1.fq.gz	/prj/DECODE/ea_biofilm_results_AT_additional/preprocessed/reads/B57_2022/B57_2022_filtered.R2.fq.gz
B58_2022	/prj/DECODE/ea_biofilm_results/preprocessed/reads/B58_2022/B58_2022_filtered.R1.fq.gz	/prj/DECODE/ea_biofilm_results/preprocessed/reads/B58_2022/B58_2022_filtered.R2.fq.gz
B59_2023	/prj/DECODE/ea_biofilm_results_AT_additional/preprocessed/reads/B59_2023/B59_2023_filtered.R1.fq.gz	/prj/DECODE/ea_biofilm_results_AT_additional/preprocessed/reads/B59_2023/B59_2023_filtered.R2.fq.gz
B60_2022	/prj/DECODE/ea_biofilm_results/preprocessed/reads/B60_2022/B60_2022_filtered.R1.fq.gz	/prj/DECODE/ea_biofilm_results/preprocessed/reads/B60_2022/B60_2022_filtered.R2.fq.gz
B63_2022	/prj/DECODE/ea_biofilm_results/preprocessed/reads/B63_2022/B63_2022_filtered.R1.fq.gz	/prj/DECODE/ea_biofilm_results/preprocessed/reads/B63_2022/B63_2022_filtered.R2.fq.gz
B64_2022	/prj/DECODE/ea_biofilm_results/preprocessed/reads/B64_2022/B64_2022_filtered.R1.fq.gz	/prj/DECODE/ea_biofilm_results/preprocessed/reads/B64_2022/B64_2022_filtered.R2.fq.gz
B64_2023	/prj/DECODE/ea_biofilm_results_AT_additional/preprocessed/reads/B64_2023/B64_2023_filtered.R1.fq.gz	/prj/DECODE/ea_biofilm_results_AT_additional/preprocessed/reads/B64_2023/B64_2023_filtered.R2.fq.gz
B66_2023	/prj/DECODE/ea_biofilm_results_AT_additional/preprocessed/reads/B66_2023/B66_2023_filtered.R1.fq.gz	/prj/DECODE/ea_biofilm_results_AT_additional/preprocessed/reads/B66_2023/B66_2023_filtered.R2.fq.gz
B7_2022	/prj/DECODE/ea_biofilm_results_AT_additional/preprocessed/reads/B7_2022/B7_2022_filtered.R1.fq.gz	/prj/DECODE/ea_biofilm_results_AT_additional/preprocessed/reads/B7_2022/B7_2022_filtered.R2.fq.gz
C10_2021	/prj/DECODE/ea_biofilm_results/preprocessed/reads/C10_2021/C10_2021_filtered.R1.fq.gz	/prj/DECODE/ea_biofilm_results/preprocessed/reads/C10_2021/C10_2021_filtered.R2.fq.gz
C19_2023	/prj/DECODE/ea_biofilm_results_AT_additional/preprocessed/reads/C19_2023/C19_2023_filtered.R1.fq.gz	/prj/DECODE/ea_biofilm_results_AT_additional/preprocessed/reads/C19_2023/C19_2023_filtered.R2.fq.gz
C20_2023	/prj/DECODE/ea_biofilm_results_AT_additional/preprocessed/reads/C20_2023/C20_2023_filtered.R1.fq.gz	/prj/DECODE/ea_biofilm_results_AT_additional/preprocessed/reads/C20_2023/C20_2023_filtered.R2.fq.gz
C25_2022	/prj/DECODE/ea_biofilm_results/preprocessed/reads/C25_2022/C25_2022_filtered.R1.fq.gz	/prj/DECODE/ea_biofilm_results/preprocessed/reads/C25_2022/C25_2022_filtered.R2.fq.gz
C27_2022	/prj/DECODE/ea_biofilm_results/preprocessed/reads/C27_2022/C27_2022_filtered.R1.fq.gz	/prj/DECODE/ea_biofilm_results/preprocessed/reads/C27_2022/C27_2022_filtered.R2.fq.gz
C37_2021	/prj/DECODE/ea_biofilm_results/preprocessed/reads/C37_2021/C37_2021_filtered.R1.fq.gz	/prj/DECODE/ea_biofilm_results/preprocessed/reads/C37_2021/C37_2021_filtered.R2.fq.gz
C39_2022	/prj/DECODE/ea_biofilm_results/preprocessed/reads/C39_2022/C39_2022_filtered.R1.fq.gz	/prj/DECODE/ea_biofilm_results/preprocessed/reads/C39_2022/C39_2022_filtered.R2.fq.gz
C40_2021	/prj/DECODE/ea_biofilm_results/preprocessed/reads/C40_2021/C40_2021_filtered.R1.fq.gz	/prj/DECODE/ea_biofilm_results/preprocessed/reads/C40_2021/C40_2021_filtered.R2.fq.gz
C43_2022	/prj/DECODE/ea_biofilm_results/preprocessed/reads/C43_2022/C43_2022_filtered.R1.fq.gz	/prj/DECODE/ea_biofilm_results/preprocessed/reads/C43_2022/C43_2022_filtered.R2.fq.gz
C46_2023	/prj/DECODE/ea_biofilm_results_AT_additional/preprocessed/reads/C46_2023/C46_2023_filtered.R1.fq.gz	/prj/DECODE/ea_biofilm_results_AT_additional/preprocessed/reads/C46_2023/C46_2023_filtered.R2.fq.gz
C48_2022	/prj/DECODE/ea_biofilm_results/preprocessed/reads/C48_2022/C48_2022_filtered.R1.fq.gz	/prj/DECODE/ea_biofilm_results/preprocessed/reads/C48_2022/C48_2022_filtered.R2.fq.gz
C49_2021	/prj/DECODE/ea_biofilm_results_AT_additional/preprocessed/reads/C49_2021/C49_2021_filtered.R1.fq.gz	/prj/DECODE/ea_biofilm_results_AT_additional/preprocessed/reads/C49_2021/C49_2021_filtered.R2.fq.gz
C49_2023	/prj/DECODE/ea_biofilm_results_AT_additional/preprocessed/reads/C49_2023/C49_2023_filtered.R1.fq.gz	/prj/DECODE/ea_biofilm_results_AT_additional/preprocessed/reads/C49_2023/C49_2023_filtered.R2.fq.gz
C51_2023	/prj/DECODE/ea_biofilm_results_AT_additional/preprocessed/reads/C51_2023/C51_2023_filtered.R1.fq.gz	/prj/DECODE/ea_biofilm_results_AT_additional/preprocessed/reads/C51_2023/C51_2023_filtered.R2.fq.gz
C53_2021	/prj/DECODE/ea_biofilm_results/preprocessed/reads/C53_2021/C53_2021_filtered.R1.fq.gz	/prj/DECODE/ea_biofilm_results/preprocessed/reads/C53_2021/C53_2021_filtered.R2.fq.gz
C57_2023	/prj/DECODE/ea_biofilm_results_AT_additional/preprocessed/reads/C57_2023/C57_2023_filtered.R1.fq.gz	/prj/DECODE/ea_biofilm_results_AT_additional/preprocessed/reads/C57_2023/C57_2023_filtered.R2.fq.gz
C58_2022	/prj/DECODE/ea_biofilm_results/preprocessed/reads/C58_2022/C58_2022_filtered.R1.fq.gz	/prj/DECODE/ea_biofilm_results/preprocessed/reads/C58_2022/C58_2022_filtered.R2.fq.gz
C61_2021	/prj/DECODE/ea_biofilm_results/preprocessed/reads/C61_2021/C61_2021_filtered.R1.fq.gz	/prj/DECODE/ea_biofilm_results/preprocessed/reads/C61_2021/C61_2021_filtered.R2.fq.gz
C62_2021	/prj/DECODE/ea_biofilm_results/preprocessed/reads/C62_2021/C62_2021_filtered.R1.fq.gz	/prj/DECODE/ea_biofilm_results/preprocessed/reads/C62_2021/C62_2021_filtered.R2.fq.gz
C64_2022	/prj/DECODE/ea_biofilm_results/preprocessed/reads/C64_2022/C64_2022_filtered.R1.fq.gz	/prj/DECODE/ea_biofilm_results/preprocessed/reads/C64_2022/C64_2022_filtered.R2.fq.gz
C7_2022	/prj/DECODE/ea_biofilm_results_AT_additional/preprocessed/reads/C7_2022/C7_2022_filtered.R1.fq.gz	/prj/DECODE/ea_biofilm_results_AT_additional/preprocessed/reads/C7_2022/C7_2022_filtered.R2.fq.gz
D10_2021	/prj/DECODE/ea_biofilm_results/preprocessed/reads/D10_2021/D10_2021_filtered.R1.fq.gz	/prj/DECODE/ea_biofilm_results/preprocessed/reads/D10_2021/D10_2021_filtered.R2.fq.gz
D11_2022	/prj/DECODE/ea_biofilm_results_AT_additional/preprocessed/reads/D11_2022/D11_2022_filtered.R1.fq.gz	/prj/DECODE/ea_biofilm_results_AT_additional/preprocessed/reads/D11_2022/D11_2022_filtered.R2.fq.gz
D12_2021	/prj/DECODE/ea_biofilm_results/preprocessed/reads/D12_2021/D12_2021_filtered.R1.fq.gz	/prj/DECODE/ea_biofilm_results/preprocessed/reads/D12_2021/D12_2021_filtered.R2.fq.gz
D16_2022	/prj/DECODE/ea_biofilm_results/preprocessed/reads/D16_2022/D16_2022_filtered.R1.fq.gz	/prj/DECODE/ea_biofilm_results/preprocessed/reads/D16_2022/D16_2022_filtered.R2.fq.gz
D16_2023	/prj/DECODE/ea_biofilm_results_AT_additional/preprocessed/reads/D16_2023/D16_2023_filtered.R1.fq.gz	/prj/DECODE/ea_biofilm_results_AT_additional/preprocessed/reads/D16_2023/D16_2023_filtered.R2.fq.gz
D17_2021	/prj/DECODE/ea_biofilm_results_AT_additional/preprocessed/reads/D17_2021/D17_2021_filtered.R1.fq.gz	/prj/DECODE/ea_biofilm_results_AT_additional/preprocessed/reads/D17_2021/D17_2021_filtered.R2.fq.gz
D24_2021	/prj/DECODE/ea_biofilm_results/preprocessed/reads/D24_2021/D24_2021_filtered.R1.fq.gz	/prj/DECODE/ea_biofilm_results/preprocessed/reads/D24_2021/D24_2021_filtered.R2.fq.gz
D28_2022	/prj/DECODE/ea_biofilm_results/preprocessed/reads/D28_2022/D28_2022_filtered.R1.fq.gz	/prj/DECODE/ea_biofilm_results/preprocessed/reads/D28_2022/D28_2022_filtered.R2.fq.gz
D31_2021	/prj/DECODE/ea_biofilm_results_AT_additional/preprocessed/reads/D31_2021/D31_2021_filtered.R1.fq.gz	/prj/DECODE/ea_biofilm_results_AT_additional/preprocessed/reads/D31_2021/D31_2021_filtered.R2.fq.gz
D31_2022	/prj/DECODE/ea_biofilm_results_AT_additional/preprocessed/reads/D31_2022/D31_2022_filtered.R1.fq.gz	/prj/DECODE/ea_biofilm_results_AT_additional/preprocessed/reads/D31_2022/D31_2022_filtered.R2.fq.gz
D33_2022	/prj/DECODE/ea_biofilm_results_AT_additional/preprocessed/reads/D33_2022/D33_2022_filtered.R1.fq.gz	/prj/DECODE/ea_biofilm_results_AT_additional/preprocessed/reads/D33_2022/D33_2022_filtered.R2.fq.gz
D37_2022	/prj/DECODE/ea_biofilm_results/preprocessed/reads/D37_2022/D37_2022_filtered.R1.fq.gz	/prj/DECODE/ea_biofilm_results/preprocessed/reads/D37_2022/D37_2022_filtered.R2.fq.gz
D53_2022	/prj/DECODE/ea_biofilm_results_AT_additional/preprocessed/reads/D53_2022/D53_2022_filtered.R1.fq.gz	/prj/DECODE/ea_biofilm_results_AT_additional/preprocessed/reads/D53_2022/D53_2022_filtered.R2.fq.gz
D60_2022	/prj/DECODE/ea_biofilm_results/preprocessed/reads/D60_2022/D60_2022_filtered.R1.fq.gz	/prj/DECODE/ea_biofilm_results/preprocessed/reads/D60_2022/D60_2022_filtered.R2.fq.gz
D64_2021	/prj/DECODE/ea_biofilm_results/preprocessed/reads/D64_2021/D64_2021_filtered.R1.fq.gz	/prj/DECODE/ea_biofilm_results/preprocessed/reads/D64_2021/D64_2021_filtered.R2.fq.gz
D9_2022	/prj/DECODE/ea_biofilm_results_AT_additional/preprocessed/reads/D9_2022/D9_2022_filtered.R1.fq.gz	/prj/DECODE/ea_biofilm_results_AT_additional/preprocessed/reads/D9_2022/D9_2022_filtered.R2.fq.gz
E13_2022	/prj/DECODE/ea_biofilm_results/preprocessed/reads/E13_2022/E13_2022_filtered.R1.fq.gz	/prj/DECODE/ea_biofilm_results/preprocessed/reads/E13_2022/E13_2022_filtered.R2.fq.gz
E18_2022	/prj/DECODE/ea_biofilm_results_AT_additional/preprocessed/reads/E18_2022/E18_2022_filtered.R1.fq.gz	/prj/DECODE/ea_biofilm_results_AT_additional/preprocessed/reads/E18_2022/E18_2022_filtered.R2.fq.gz
E19_2022	/prj/DECODE/ea_biofilm_results/preprocessed/reads/E19_2022/E19_2022_filtered.R1.fq.gz	/prj/DECODE/ea_biofilm_results/preprocessed/reads/E19_2022/E19_2022_filtered.R2.fq.gz
E23_2021	/prj/DECODE/ea_biofilm_results/preprocessed/reads/E23_2021/E23_2021_filtered.R1.fq.gz	/prj/DECODE/ea_biofilm_results/preprocessed/reads/E23_2021/E23_2021_filtered.R2.fq.gz
E28_2022	/prj/DECODE/ea_biofilm_results/preprocessed/reads/E28_2022/E28_2022_filtered.R1.fq.gz	/prj/DECODE/ea_biofilm_results/preprocessed/reads/E28_2022/E28_2022_filtered.R2.fq.gz
E29_2023	/prj/DECODE/ea_biofilm_results_AT_additional/preprocessed/reads/E29_2023/E29_2023_filtered.R1.fq.gz	/prj/DECODE/ea_biofilm_results_AT_additional/preprocessed/reads/E29_2023/E29_2023_filtered.R2.fq.gz
E30_2023	/prj/DECODE/ea_biofilm_results_AT_additional/preprocessed/reads/E30_2023/E30_2023_filtered.R1.fq.gz	/prj/DECODE/ea_biofilm_results_AT_additional/preprocessed/reads/E30_2023/E30_2023_filtered.R2.fq.gz
E31_2023	/prj/DECODE/ea_biofilm_results_AT_additional/preprocessed/reads/E31_2023/E31_2023_filtered.R1.fq.gz	/prj/DECODE/ea_biofilm_results_AT_additional/preprocessed/reads/E31_2023/E31_2023_filtered.R2.fq.gz
E39_2022	/prj/DECODE/ea_biofilm_results/preprocessed/reads/E39_2022/E39_2022_filtered.R1.fq.gz	/prj/DECODE/ea_biofilm_results/preprocessed/reads/E39_2022/E39_2022_filtered.R2.fq.gz
E43_2021	/prj/DECODE/ea_biofilm_results_AT_additional/preprocessed/reads/E43_2021/E43_2021_filtered.R1.fq.gz	/prj/DECODE/ea_biofilm_results_AT_additional/preprocessed/reads/E43_2021/E43_2021_filtered.R2.fq.gz
E46_2021	/prj/DECODE/ea_biofilm_results/preprocessed/reads/E46_2021/E46_2021_filtered.R1.fq.gz	/prj/DECODE/ea_biofilm_results/preprocessed/reads/E46_2021/E46_2021_filtered.R2.fq.gz
E47_2021	/prj/DECODE/ea_biofilm_results/preprocessed/reads/E47_2021/E47_2021_filtered.R1.fq.gz	/prj/DECODE/ea_biofilm_results/preprocessed/reads/E47_2021/E47_2021_filtered.R2.fq.gz
E49_2021	/prj/DECODE/ea_biofilm_results/preprocessed/reads/E49_2021/E49_2021_filtered.R1.fq.gz	/prj/DECODE/ea_biofilm_results/preprocessed/reads/E49_2021/E49_2021_filtered.R2.fq.gz
E55_2021	/prj/DECODE/ea_biofilm_results/preprocessed/reads/E55_2021/E55_2021_filtered.R1.fq.gz	/prj/DECODE/ea_biofilm_results/preprocessed/reads/E55_2021/E55_2021_filtered.R2.fq.gz
E56_2021	/prj/DECODE/ea_biofilm_results_AT_additional/preprocessed/reads/E56_2021/E56_2021_filtered.R1.fq.gz	/prj/DECODE/ea_biofilm_results_AT_additional/preprocessed/reads/E56_2021/E56_2021_filtered.R2.fq.gz
E56_2022	/prj/DECODE/ea_biofilm_results_AT_additional/preprocessed/reads/E56_2022/E56_2022_filtered.R1.fq.gz	/prj/DECODE/ea_biofilm_results_AT_additional/preprocessed/reads/E56_2022/E56_2022_filtered.R2.fq.gz
E6_2022	/prj/DECODE/ea_biofilm_results_AT_additional/preprocessed/reads/E6_2022/E6_2022_filtered.R1.fq.gz	/prj/DECODE/ea_biofilm_results_AT_additional/preprocessed/reads/E6_2022/E6_2022_filtered.R2.fq.gz
E62_2021	/prj/DECODE/ea_biofilm_results/preprocessed/reads/E62_2021/E62_2021_filtered.R1.fq.gz	/prj/DECODE/ea_biofilm_results/preprocessed/reads/E62_2021/E62_2021_filtered.R2.fq.gz
E63_2022	/prj/DECODE/ea_biofilm_results/preprocessed/reads/E63_2022/E63_2022_filtered.R1.fq.gz	/prj/DECODE/ea_biofilm_results/preprocessed/reads/E63_2022/E63_2022_filtered.R2.fq.gz
E63_2023	/prj/DECODE/ea_biofilm_results_AT_additional/preprocessed/reads/E63_2023/E63_2023_filtered.R1.fq.gz	/prj/DECODE/ea_biofilm_results_AT_additional/preprocessed/reads/E63_2023/E63_2023_filtered.R2.fq.gz
F1_2022	/prj/DECODE/ea_biofilm_results_AT_additional/preprocessed/reads/F1_2022/F1_2022_filtered.R1.fq.gz	/prj/DECODE/ea_biofilm_results_AT_additional/preprocessed/reads/F1_2022/F1_2022_filtered.R2.fq.gz
F13_2021	/prj/DECODE/ea_biofilm_results/preprocessed/reads/F13_2021/F13_2021_filtered.R1.fq.gz	/prj/DECODE/ea_biofilm_results/preprocessed/reads/F13_2021/F13_2021_filtered.R2.fq.gz
F13_2022	/prj/DECODE/ea_biofilm_results_AT_additional/preprocessed/reads/F13_2022/F13_2022_filtered.R1.fq.gz	/prj/DECODE/ea_biofilm_results_AT_additional/preprocessed/reads/F13_2022/F13_2022_filtered.R2.fq.gz
F14_2022	/prj/DECODE/ea_biofilm_results_AT_additional/preprocessed/reads/F14_2022/F14_2022_filtered.R1.fq.gz	/prj/DECODE/ea_biofilm_results_AT_additional/preprocessed/reads/F14_2022/F14_2022_filtered.R2.fq.gz
F15_2021	/prj/DECODE/ea_biofilm_results/preprocessed/reads/F15_2021/F15_2021_filtered.R1.fq.gz	/prj/DECODE/ea_biofilm_results/preprocessed/reads/F15_2021/F15_2021_filtered.R2.fq.gz
F15_2022	/prj/DECODE/ea_biofilm_results/preprocessed/reads/F15_2022/F15_2022_filtered.R1.fq.gz	/prj/DECODE/ea_biofilm_results/preprocessed/reads/F15_2022/F15_2022_filtered.R2.fq.gz
F19_2021	/prj/DECODE/ea_biofilm_results/preprocessed/reads/F19_2021/F19_2021_filtered.R1.fq.gz	/prj/DECODE/ea_biofilm_results/preprocessed/reads/F19_2021/F19_2021_filtered.R2.fq.gz
F21_2022	/prj/DECODE/ea_biofilm_results/preprocessed/reads/F21_2022/F21_2022_filtered.R1.fq.gz	/prj/DECODE/ea_biofilm_results/preprocessed/reads/F21_2022/F21_2022_filtered.R2.fq.gz
F2_2022	/prj/DECODE/ea_biofilm_results_AT_additional/preprocessed/reads/F2_2022/F2_2022_filtered.R1.fq.gz	/prj/DECODE/ea_biofilm_results_AT_additional/preprocessed/reads/F2_2022/F2_2022_filtered.R2.fq.gz
F23_2021	/prj/DECODE/ea_biofilm_results/preprocessed/reads/F23_2021/F23_2021_filtered.R1.fq.gz	/prj/DECODE/ea_biofilm_results/preprocessed/reads/F23_2021/F23_2021_filtered.R2.fq.gz
F23_2023	/prj/DECODE/ea_biofilm_results_AT_additional/preprocessed/reads/F23_2023/F23_2023_filtered.R1.fq.gz	/prj/DECODE/ea_biofilm_results_AT_additional/preprocessed/reads/F23_2023/F23_2023_filtered.R2.fq.gz
F25_2023	/prj/DECODE/ea_biofilm_results_AT_additional/preprocessed/reads/F25_2023/F25_2023_filtered.R1.fq.gz	/prj/DECODE/ea_biofilm_results_AT_additional/preprocessed/reads/F25_2023/F25_2023_filtered.R2.fq.gz
F30_2021	/prj/DECODE/ea_biofilm_results/preprocessed/reads/F30_2021/F30_2021_filtered.R1.fq.gz	/prj/DECODE/ea_biofilm_results/preprocessed/reads/F30_2021/F30_2021_filtered.R2.fq.gz
F31_2022	/prj/DECODE/ea_biofilm_results_AT_additional/preprocessed/reads/F31_2022/F31_2022_filtered.R1.fq.gz	/prj/DECODE/ea_biofilm_results_AT_additional/preprocessed/reads/F31_2022/F31_2022_filtered.R2.fq.gz
F3_2022	/prj/DECODE/ea_biofilm_results_AT_additional/preprocessed/reads/F3_2022/F3_2022_filtered.R1.fq.gz	/prj/DECODE/ea_biofilm_results_AT_additional/preprocessed/reads/F3_2022/F3_2022_filtered.R2.fq.gz
F32_2021	/prj/DECODE/ea_biofilm_results_AT_additional/preprocessed/reads/F32_2021/F32_2021_filtered.R1.fq.gz	/prj/DECODE/ea_biofilm_results_AT_additional/preprocessed/reads/F32_2021/F32_2021_filtered.R2.fq.gz
F34_2022	/prj/DECODE/ea_biofilm_results_AT_additional/preprocessed/reads/F34_2022/F34_2022_filtered.R1.fq.gz	/prj/DECODE/ea_biofilm_results_AT_additional/preprocessed/reads/F34_2022/F34_2022_filtered.R2.fq.gz
F34_2023	/prj/DECODE/ea_biofilm_results_AT_additional/preprocessed/reads/F34_2023/F34_2023_filtered.R1.fq.gz	/prj/DECODE/ea_biofilm_results_AT_additional/preprocessed/reads/F34_2023/F34_2023_filtered.R2.fq.gz
F35_2021	/prj/DECODE/ea_biofilm_results_AT_additional/preprocessed/reads/F35_2021/F35_2021_filtered.R1.fq.gz	/prj/DECODE/ea_biofilm_results_AT_additional/preprocessed/reads/F35_2021/F35_2021_filtered.R2.fq.gz
F39_2021	/prj/DECODE/ea_biofilm_results_AT_additional/preprocessed/reads/F39_2021/F39_2021_filtered.R1.fq.gz	/prj/DECODE/ea_biofilm_results_AT_additional/preprocessed/reads/F39_2021/F39_2021_filtered.R2.fq.gz
F40_2022	/prj/DECODE/ea_biofilm_results_AT/preprocessed/reads/F40_2022/F40_2022_filtered.R1.fq.gz	/prj/DECODE/ea_biofilm_results_AT/preprocessed/reads/F40_2022/F40_2022_filtered.R2.fq.gz
F44_2023	/prj/DECODE/ea_biofilm_results_AT_additional/preprocessed/reads/F44_2023/F44_2023_filtered.R1.fq.gz	/prj/DECODE/ea_biofilm_results_AT_additional/preprocessed/reads/F44_2023/F44_2023_filtered.R2.fq.gz
F46_2021	/prj/DECODE/ea_biofilm_results_AT_additional/preprocessed/reads/F46_2021/F46_2021_filtered.R1.fq.gz	/prj/DECODE/ea_biofilm_results_AT_additional/preprocessed/reads/F46_2021/F46_2021_filtered.R2.fq.gz
F48_2021	/prj/DECODE/ea_biofilm_results/preprocessed/reads/F48_2021/F48_2021_filtered.R1.fq.gz	/prj/DECODE/ea_biofilm_results/preprocessed/reads/F48_2021/F48_2021_filtered.R2.fq.gz
F49_2021	/prj/DECODE/ea_biofilm_results/preprocessed/reads/F49_2021/F49_2021_filtered.R1.fq.gz	/prj/DECODE/ea_biofilm_results/preprocessed/reads/F49_2021/F49_2021_filtered.R2.fq.gz
F50_2021	/prj/DECODE/ea_biofilm_results/preprocessed/reads/F50_2021/F50_2021_filtered.R1.fq.gz	/prj/DECODE/ea_biofilm_results/preprocessed/reads/F50_2021/F50_2021_filtered.R2.fq.gz
F5_2022	/prj/DECODE/ea_biofilm_results/preprocessed/reads/F5_2022/F5_2022_filtered.R1.fq.gz	/prj/DECODE/ea_biofilm_results/preprocessed/reads/F5_2022/F5_2022_filtered.R2.fq.gz
F5_2023	/prj/DECODE/ea_biofilm_results_AT_additional/preprocessed/reads/F5_2023/F5_2023_filtered.R1.fq.gz	/prj/DECODE/ea_biofilm_results_AT_additional/preprocessed/reads/F5_2023/F5_2023_filtered.R2.fq.gz
F54_2022	/prj/DECODE/ea_biofilm_results/preprocessed/reads/F54_2022/F54_2022_filtered.R1.fq.gz	/prj/DECODE/ea_biofilm_results/preprocessed/reads/F54_2022/F54_2022_filtered.R2.fq.gz
F6_2022	/prj/DECODE/ea_biofilm_results/preprocessed/reads/F6_2022/F6_2022_filtered.R1.fq.gz	/prj/DECODE/ea_biofilm_results/preprocessed/reads/F6_2022/F6_2022_filtered.R2.fq.gz
F63_2023	/prj/DECODE/ea_biofilm_results_AT_additional/preprocessed/reads/F63_2023/F63_2023_filtered.R1.fq.gz	/prj/DECODE/ea_biofilm_results_AT_additional/preprocessed/reads/F63_2023/F63_2023_filtered.R2.fq.gz
F65_2021	/prj/DECODE/ea_biofilm_results/preprocessed/reads/F65_2021/F65_2021_filtered.R1.fq.gz	/prj/DECODE/ea_biofilm_results/preprocessed/reads/F65_2021/F65_2021_filtered.R2.fq.gz
F65_2022	/prj/DECODE/ea_biofilm_results_AT_additional/preprocessed/reads/F65_2022/F65_2022_filtered.R1.fq.gz	/prj/DECODE/ea_biofilm_results_AT_additional/preprocessed/reads/F65_2022/F65_2022_filtered.R2.fq.gz
F66_2021	/prj/DECODE/ea_biofilm_results_AT_additional/preprocessed/reads/F66_2021/F66_2021_filtered.R1.fq.gz	/prj/DECODE/ea_biofilm_results_AT_additional/preprocessed/reads/F66_2021/F66_2021_filtered.R2.fq.gz
F7_2023	/prj/DECODE/ea_biofilm_results_AT_additional/preprocessed/reads/F7_2023/F7_2023_filtered.R1.fq.gz	/prj/DECODE/ea_biofilm_results_AT_additional/preprocessed/reads/F7_2023/F7_2023_filtered.R2.fq.gz
F8_2022	/prj/DECODE/ea_biofilm_results/preprocessed/reads/F8_2022/F8_2022_filtered.R1.fq.gz	/prj/DECODE/ea_biofilm_results/preprocessed/reads/F8_2022/F8_2022_filtered.R2.fq.gz
G15_2021	/prj/DECODE/ea_biofilm_results/preprocessed/reads/G15_2021/G15_2021_filtered.R1.fq.gz	/prj/DECODE/ea_biofilm_results/preprocessed/reads/G15_2021/G15_2021_filtered.R2.fq.gz
G17_2021	/prj/DECODE/ea_biofilm_results/preprocessed/reads/G17_2021/G17_2021_filtered.R1.fq.gz	/prj/DECODE/ea_biofilm_results/preprocessed/reads/G17_2021/G17_2021_filtered.R2.fq.gz
G20_2022	/prj/DECODE/ea_biofilm_results/preprocessed/reads/G20_2022/G20_2022_filtered.R1.fq.gz	/prj/DECODE/ea_biofilm_results/preprocessed/reads/G20_2022/G20_2022_filtered.R2.fq.gz
G21_2022	/prj/DECODE/ea_biofilm_results/preprocessed/reads/G21_2022/G21_2022_filtered.R1.fq.gz	/prj/DECODE/ea_biofilm_results/preprocessed/reads/G21_2022/G21_2022_filtered.R2.fq.gz
G22_2022	/prj/DECODE/ea_biofilm_results/preprocessed/reads/G22_2022/G22_2022_filtered.R1.fq.gz	/prj/DECODE/ea_biofilm_results/preprocessed/reads/G22_2022/G22_2022_filtered.R2.fq.gz
G30_2021	/prj/DECODE/ea_biofilm_results_AT_additional/preprocessed/reads/G30_2021/G30_2021_filtered.R1.fq.gz	/prj/DECODE/ea_biofilm_results_AT_additional/preprocessed/reads/G30_2021/G30_2021_filtered.R2.fq.gz
G3_2022	/prj/DECODE/ea_biofilm_results/preprocessed/reads/G3_2022/G3_2022_filtered.R1.fq.gz	/prj/DECODE/ea_biofilm_results/preprocessed/reads/G3_2022/G3_2022_filtered.R2.fq.gz
G41_2022	/prj/DECODE/ea_biofilm_results/preprocessed/reads/G41_2022/G41_2022_filtered.R1.fq.gz	/prj/DECODE/ea_biofilm_results/preprocessed/reads/G41_2022/G41_2022_filtered.R2.fq.gz
G45_2021	/prj/DECODE/ea_biofilm_results_AT_additional/preprocessed/reads/G45_2021/G45_2021_filtered.R1.fq.gz	/prj/DECODE/ea_biofilm_results_AT_additional/preprocessed/reads/G45_2021/G45_2021_filtered.R2.fq.gz
G47_2022	/prj/DECODE/ea_biofilm_results_AT_additional/preprocessed/reads/G47_2022/G47_2022_filtered.R1.fq.gz	/prj/DECODE/ea_biofilm_results_AT_additional/preprocessed/reads/G47_2022/G47_2022_filtered.R2.fq.gz
G54_2021	/prj/DECODE/ea_biofilm_results/preprocessed/reads/G54_2021/G54_2021_filtered.R1.fq.gz	/prj/DECODE/ea_biofilm_results/preprocessed/reads/G54_2021/G54_2021_filtered.R2.fq.gz
G61_2022	/prj/DECODE/ea_biofilm_results/preprocessed/reads/G61_2022/G61_2022_filtered.R1.fq.gz	/prj/DECODE/ea_biofilm_results/preprocessed/reads/G61_2022/G61_2022_filtered.R2.fq.gz
G62_2021	/prj/DECODE/ea_biofilm_results/preprocessed/reads/G62_2021/G62_2021_filtered.R1.fq.gz	/prj/DECODE/ea_biofilm_results/preprocessed/reads/G62_2021/G62_2021_filtered.R2.fq.gz
G66_2022	/prj/DECODE/ea_biofilm_results_AT_additional/preprocessed/reads/G66_2022/G66_2022_filtered.R1.fq.gz	/prj/DECODE/ea_biofilm_results_AT_additional/preprocessed/reads/G66_2022/G66_2022_filtered.R2.fq.gz
H1_2022	/prj/DECODE/ea_biofilm_results_AT_additional/preprocessed/reads/H1_2022/H1_2022_filtered.R1.fq.gz	/prj/DECODE/ea_biofilm_results_AT_additional/preprocessed/reads/H1_2022/H1_2022_filtered.R2.fq.gz
H1_2023	/prj/DECODE/ea_biofilm_results_AT_additional/preprocessed/reads/H1_2023/H1_2023_filtered.R1.fq.gz	/prj/DECODE/ea_biofilm_results_AT_additional/preprocessed/reads/H1_2023/H1_2023_filtered.R2.fq.gz
H19_2023	/prj/DECODE/ea_biofilm_results_AT_additional/preprocessed/reads/H19_2023/H19_2023_filtered.R1.fq.gz	/prj/DECODE/ea_biofilm_results_AT_additional/preprocessed/reads/H19_2023/H19_2023_filtered.R2.fq.gz
H22_2021	/prj/DECODE/ea_biofilm_results_AT_additional/preprocessed/reads/H22_2021/H22_2021_filtered.R1.fq.gz	/prj/DECODE/ea_biofilm_results_AT_additional/preprocessed/reads/H22_2021/H22_2021_filtered.R2.fq.gz
H3_2022	/prj/DECODE/ea_biofilm_results_AT_additional/preprocessed/reads/H3_2022/H3_2022_filtered.R1.fq.gz	/prj/DECODE/ea_biofilm_results_AT_additional/preprocessed/reads/H3_2022/H3_2022_filtered.R2.fq.gz
H32_2021	/prj/DECODE/ea_biofilm_results/preprocessed/reads/H32_2021/H32_2021_filtered.R1.fq.gz	/prj/DECODE/ea_biofilm_results/preprocessed/reads/H32_2021/H32_2021_filtered.R2.fq.gz
H38_2021	/prj/DECODE/ea_biofilm_results_AT_additional/preprocessed/reads/H38_2021/H38_2021_filtered.R1.fq.gz	/prj/DECODE/ea_biofilm_results_AT_additional/preprocessed/reads/H38_2021/H38_2021_filtered.R2.fq.gz
H41_2022	/prj/DECODE/ea_biofilm_results_AT_additional/preprocessed/reads/H41_2022/H41_2022_filtered.R1.fq.gz	/prj/DECODE/ea_biofilm_results_AT_additional/preprocessed/reads/H41_2022/H41_2022_filtered.R2.fq.gz
H50_2022	/prj/DECODE/ea_biofilm_results/preprocessed/reads/H50_2022/H50_2022_filtered.R1.fq.gz	/prj/DECODE/ea_biofilm_results/preprocessed/reads/H50_2022/H50_2022_filtered.R2.fq.gz
H52_2021	/prj/DECODE/ea_biofilm_results_AT_additional/preprocessed/reads/H52_2021/H52_2021_filtered.R1.fq.gz	/prj/DECODE/ea_biofilm_results_AT_additional/preprocessed/reads/H52_2021/H52_2021_filtered.R2.fq.gz
H52_2023	/prj/DECODE/ea_biofilm_results_AT_additional/preprocessed/reads/H52_2023/H52_2023_filtered.R1.fq.gz	/prj/DECODE/ea_biofilm_results_AT_additional/preprocessed/reads/H52_2023/H52_2023_filtered.R2.fq.gz
H54_2021	/prj/DECODE/ea_biofilm_results/preprocessed/reads/H54_2021/H54_2021_filtered.R1.fq.gz	/prj/DECODE/ea_biofilm_results/preprocessed/reads/H54_2021/H54_2021_filtered.R2.fq.gz
H55_2021	/prj/DECODE/ea_biofilm_results_AT_additional/preprocessed/reads/H55_2021/H55_2021_filtered.R1.fq.gz	/prj/DECODE/ea_biofilm_results_AT_additional/preprocessed/reads/H55_2021/H55_2021_filtered.R2.fq.gz
H59_2021	/prj/DECODE/ea_biofilm_results/preprocessed/reads/H59_2021/H59_2021_filtered.R1.fq.gz	/prj/DECODE/ea_biofilm_results/preprocessed/reads/H59_2021/H59_2021_filtered.R2.fq.gz
H59_2022	/prj/DECODE/ea_biofilm_results_AT_additional/preprocessed/reads/H59_2022/H59_2022_filtered.R1.fq.gz	/prj/DECODE/ea_biofilm_results_AT_additional/preprocessed/reads/H59_2022/H59_2022_filtered.R2.fq.gz
H61_2022	/prj/DECODE/ea_biofilm_results/preprocessed/reads/H61_2022/H61_2022_filtered.R1.fq.gz	/prj/DECODE/ea_biofilm_results/preprocessed/reads/H61_2022/H61_2022_filtered.R2.fq.gz
H62_2022	/prj/DECODE/ea_biofilm_results_AT_additional/preprocessed/reads/H62_2022/H62_2022_filtered.R1.fq.gz	/prj/DECODE/ea_biofilm_results_AT_additional/preprocessed/reads/H62_2022/H62_2022_filtered.R2.fq.gz
H7_2022	/prj/DECODE/ea_biofilm_results_AT_additional/preprocessed/reads/H7_2022/H7_2022_filtered.R1.fq.gz	/prj/DECODE/ea_biofilm_results_AT_additional/preprocessed/reads/H7_2022/H7_2022_filtered.R2.fq.gz
I10_2021	/prj/DECODE/ea_biofilm_results/preprocessed/reads/I10_2021/I10_2021_filtered.R1.fq.gz	/prj/DECODE/ea_biofilm_results/preprocessed/reads/I10_2021/I10_2021_filtered.R2.fq.gz
I1_2022	/prj/DECODE/ea_biofilm_results_AT_additional/preprocessed/reads/I1_2022/I1_2022_filtered.R1.fq.gz	/prj/DECODE/ea_biofilm_results_AT_additional/preprocessed/reads/I1_2022/I1_2022_filtered.R2.fq.gz
I12_2021	/prj/DECODE/ea_biofilm_results/preprocessed/reads/I12_2021/I12_2021_filtered.R1.fq.gz	/prj/DECODE/ea_biofilm_results/preprocessed/reads/I12_2021/I12_2021_filtered.R2.fq.gz
I14_2022	/prj/DECODE/ea_biofilm_results/preprocessed/reads/I14_2022/I14_2022_filtered.R1.fq.gz	/prj/DECODE/ea_biofilm_results/preprocessed/reads/I14_2022/I14_2022_filtered.R2.fq.gz
I2_2021	/prj/DECODE/ea_biofilm_results/preprocessed/reads/I2_2021/I2_2021_filtered.R1.fq.gz	/prj/DECODE/ea_biofilm_results/preprocessed/reads/I2_2021/I2_2021_filtered.R2.fq.gz
I26_2023	/prj/DECODE/ea_biofilm_results_AT_additional/preprocessed/reads/I26_2023/I26_2023_filtered.R1.fq.gz	/prj/DECODE/ea_biofilm_results_AT_additional/preprocessed/reads/I26_2023/I26_2023_filtered.R2.fq.gz
I27_2022	/prj/DECODE/ea_biofilm_results/preprocessed/reads/I27_2022/I27_2022_filtered.R1.fq.gz	/prj/DECODE/ea_biofilm_results/preprocessed/reads/I27_2022/I27_2022_filtered.R2.fq.gz
I28_2021	/prj/DECODE/ea_biofilm_results_AT/preprocessed/reads/I28_2021/I28_2021_filtered.R1.fq.gz	/prj/DECODE/ea_biofilm_results_AT/preprocessed/reads/I28_2021/I28_2021_filtered.R2.fq.gz
I3_2021	/prj/DECODE/ea_biofilm_results/preprocessed/reads/I3_2021/I3_2021_filtered.R1.fq.gz	/prj/DECODE/ea_biofilm_results/preprocessed/reads/I3_2021/I3_2021_filtered.R2.fq.gz
I34_2021	/prj/DECODE/ea_biofilm_results/preprocessed/reads/I34_2021/I34_2021_filtered.R1.fq.gz	/prj/DECODE/ea_biofilm_results/preprocessed/reads/I34_2021/I34_2021_filtered.R2.fq.gz
I41_2021	/prj/DECODE/ea_biofilm_results_AT_additional/preprocessed/reads/I41_2021/I41_2021_filtered.R1.fq.gz	/prj/DECODE/ea_biofilm_results_AT_additional/preprocessed/reads/I41_2021/I41_2021_filtered.R2.fq.gz
I4_2022	/prj/DECODE/ea_biofilm_results_AT_additional/preprocessed/reads/I4_2022/I4_2022_filtered.R1.fq.gz	/prj/DECODE/ea_biofilm_results_AT_additional/preprocessed/reads/I4_2022/I4_2022_filtered.R2.fq.gz
I46_2021	/prj/DECODE/ea_biofilm_results/preprocessed/reads/I46_2021/I46_2021_filtered.R1.fq.gz	/prj/DECODE/ea_biofilm_results/preprocessed/reads/I46_2021/I46_2021_filtered.R2.fq.gz
I46_2022	/prj/DECODE/ea_biofilm_results_AT/preprocessed/reads/I46_2022/I46_2022_filtered.R1.fq.gz	/prj/DECODE/ea_biofilm_results_AT/preprocessed/reads/I46_2022/I46_2022_filtered.R2.fq.gz
I48_2021	/prj/DECODE/ea_biofilm_results/preprocessed/reads/I48_2021/I48_2021_filtered.R1.fq.gz	/prj/DECODE/ea_biofilm_results/preprocessed/reads/I48_2021/I48_2021_filtered.R2.fq.gz
I55_2021	/prj/DECODE/ea_biofilm_results_AT_additional/preprocessed/reads/I55_2021/I55_2021_filtered.R1.fq.gz	/prj/DECODE/ea_biofilm_results_AT_additional/preprocessed/reads/I55_2021/I55_2021_filtered.R2.fq.gz
I56_2022	/prj/DECODE/ea_biofilm_results/preprocessed/reads/I56_2022/I56_2022_filtered.R1.fq.gz	/prj/DECODE/ea_biofilm_results/preprocessed/reads/I56_2022/I56_2022_filtered.R2.fq.gz
I57_2021	/prj/DECODE/ea_biofilm_results/preprocessed/reads/I57_2021/I57_2021_filtered.R1.fq.gz	/prj/DECODE/ea_biofilm_results/preprocessed/reads/I57_2021/I57_2021_filtered.R2.fq.gz
I6_2022	/prj/DECODE/ea_biofilm_results_AT_additional/preprocessed/reads/I6_2022/I6_2022_filtered.R1.fq.gz	/prj/DECODE/ea_biofilm_results_AT_additional/preprocessed/reads/I6_2022/I6_2022_filtered.R2.fq.gz
I66_2022	/prj/DECODE/ea_biofilm_results_AT_additional/preprocessed/reads/I66_2022/I66_2022_filtered.R1.fq.gz	/prj/DECODE/ea_biofilm_results_AT_additional/preprocessed/reads/I66_2022/I66_2022_filtered.R2.fq.gz
I8_2022	/prj/DECODE/ea_biofilm_results/preprocessed/reads/I8_2022/I8_2022_filtered.R1.fq.gz	/prj/DECODE/ea_biofilm_results/preprocessed/reads/I8_2022/I8_2022_filtered.R2.fq.gz
I9_2023	/prj/DECODE/ea_biofilm_results_AT_additional/preprocessed/reads/I9_2023/I9_2023_filtered.R1.fq.gz	/prj/DECODE/ea_biofilm_results_AT_additional/preprocessed/reads/I9_2023/I9_2023_filtered.R2.fq.gz
J12_2021	/prj/DECODE/ea_biofilm_results/preprocessed/reads/J12_2021/J12_2021_filtered.R1.fq.gz	/prj/DECODE/ea_biofilm_results/preprocessed/reads/J12_2021/J12_2021_filtered.R2.fq.gz
J12_2023	/prj/DECODE/ea_biofilm_results_AT_additional/preprocessed/reads/J12_2023/J12_2023_filtered.R1.fq.gz	/prj/DECODE/ea_biofilm_results_AT_additional/preprocessed/reads/J12_2023/J12_2023_filtered.R2.fq.gz
J19_2023	/prj/DECODE/ea_biofilm_results_AT_additional/preprocessed/reads/J19_2023/J19_2023_filtered.R1.fq.gz	/prj/DECODE/ea_biofilm_results_AT_additional/preprocessed/reads/J19_2023/J19_2023_filtered.R2.fq.gz
J25_2023	/prj/DECODE/ea_biofilm_results_AT_additional/preprocessed/reads/J25_2023/J25_2023_filtered.R1.fq.gz	/prj/DECODE/ea_biofilm_results_AT_additional/preprocessed/reads/J25_2023/J25_2023_filtered.R2.fq.gz
J27_2022	/prj/DECODE/ea_biofilm_results_AT_additional/preprocessed/reads/J27_2022/J27_2022_filtered.R1.fq.gz	/prj/DECODE/ea_biofilm_results_AT_additional/preprocessed/reads/J27_2022/J27_2022_filtered.R2.fq.gz
J29_2022	/prj/DECODE/ea_biofilm_results_AT_additional/preprocessed/reads/J29_2022/J29_2022_filtered.R1.fq.gz	/prj/DECODE/ea_biofilm_results_AT_additional/preprocessed/reads/J29_2022/J29_2022_filtered.R2.fq.gz
J31_2021	/prj/DECODE/ea_biofilm_results/preprocessed/reads/J31_2021/J31_2021_filtered.R1.fq.gz	/prj/DECODE/ea_biofilm_results/preprocessed/reads/J31_2021/J31_2021_filtered.R2.fq.gz
J31_2023	/prj/DECODE/ea_biofilm_results_AT_additional/preprocessed/reads/J31_2023/J31_2023_filtered.R1.fq.gz	/prj/DECODE/ea_biofilm_results_AT_additional/preprocessed/reads/J31_2023/J31_2023_filtered.R2.fq.gz
J36_2022	/prj/DECODE/ea_biofilm_results/preprocessed/reads/J36_2022/J36_2022_filtered.R1.fq.gz	/prj/DECODE/ea_biofilm_results/preprocessed/reads/J36_2022/J36_2022_filtered.R2.fq.gz
J37_2022	/prj/DECODE/ea_biofilm_results/preprocessed/reads/J37_2022/J37_2022_filtered.R1.fq.gz	/prj/DECODE/ea_biofilm_results/preprocessed/reads/J37_2022/J37_2022_filtered.R2.fq.gz
J39_2022	/prj/DECODE/ea_biofilm_results/preprocessed/reads/J39_2022/J39_2022_filtered.R1.fq.gz	/prj/DECODE/ea_biofilm_results/preprocessed/reads/J39_2022/J39_2022_filtered.R2.fq.gz
J43_2023	/prj/DECODE/ea_biofilm_results_AT_additional/preprocessed/reads/J43_2023/J43_2023_filtered.R1.fq.gz	/prj/DECODE/ea_biofilm_results_AT_additional/preprocessed/reads/J43_2023/J43_2023_filtered.R2.fq.gz
J49_2021	/prj/DECODE/ea_biofilm_results_AT_additional/preprocessed/reads/J49_2021/J49_2021_filtered.R1.fq.gz	/prj/DECODE/ea_biofilm_results_AT_additional/preprocessed/reads/J49_2021/J49_2021_filtered.R2.fq.gz
J51_2021	/prj/DECODE/ea_biofilm_results_AT/preprocessed/reads/J51_2021/J51_2021_filtered.R1.fq.gz	/prj/DECODE/ea_biofilm_results_AT/preprocessed/reads/J51_2021/J51_2021_filtered.R2.fq.gz
J54_2023	/prj/DECODE/ea_biofilm_results_AT_additional/preprocessed/reads/J54_2023/J54_2023_filtered.R1.fq.gz	/prj/DECODE/ea_biofilm_results_AT_additional/preprocessed/reads/J54_2023/J54_2023_filtered.R2.fq.gz
J55_2022	/prj/DECODE/ea_biofilm_results/preprocessed/reads/J55_2022/J55_2022_filtered.R1.fq.gz	/prj/DECODE/ea_biofilm_results/preprocessed/reads/J55_2022/J55_2022_filtered.R2.fq.gz
J56_2022	/prj/DECODE/ea_biofilm_results/preprocessed/reads/J56_2022/J56_2022_filtered.R1.fq.gz	/prj/DECODE/ea_biofilm_results/preprocessed/reads/J56_2022/J56_2022_filtered.R2.fq.gz
J59_2022	/prj/DECODE/ea_biofilm_results_AT_additional/preprocessed/reads/J59_2022/J59_2022_filtered.R1.fq.gz	/prj/DECODE/ea_biofilm_results_AT_additional/preprocessed/reads/J59_2022/J59_2022_filtered.R2.fq.gz
J60_2023	/prj/DECODE/ea_biofilm_results_AT_additional/preprocessed/reads/J60_2023/J60_2023_filtered.R1.fq.gz	/prj/DECODE/ea_biofilm_results_AT_additional/preprocessed/reads/J60_2023/J60_2023_filtered.R2.fq.gz
J6_2021	/prj/DECODE/ea_biofilm_results_AT_additional/preprocessed/reads/J6_2021/J6_2021_filtered.R1.fq.gz	/prj/DECODE/ea_biofilm_results_AT_additional/preprocessed/reads/J6_2021/J6_2021_filtered.R2.fq.gz
J65_2021	/prj/DECODE/ea_biofilm_results/preprocessed/reads/J65_2021/J65_2021_filtered.R1.fq.gz	/prj/DECODE/ea_biofilm_results/preprocessed/reads/J65_2021/J65_2021_filtered.R2.fq.gz
J9_2021	/prj/DECODE/ea_biofilm_results_AT/preprocessed/reads/J9_2021/J9_2021_filtered.R1.fq.gz	/prj/DECODE/ea_biofilm_results_AT/preprocessed/reads/J9_2021/J9_2021_filtered.R2.fq.gz
J9_2023	/prj/DECODE/ea_biofilm_results_AT_additional/preprocessed/reads/J9_2023/J9_2023_filtered.R1.fq.gz	/prj/DECODE/ea_biofilm_results_AT_additional/preprocessed/reads/J9_2023/J9_2023_filtered.R2.fq.gz
K10_2022	/prj/DECODE/ea_biofilm_results_AT_additional/preprocessed/reads/K10_2022/K10_2022_filtered.R1.fq.gz	/prj/DECODE/ea_biofilm_results_AT_additional/preprocessed/reads/K10_2022/K10_2022_filtered.R2.fq.gz
K11_2022	/prj/DECODE/ea_biofilm_results/preprocessed/reads/K11_2022/K11_2022_filtered.R1.fq.gz	/prj/DECODE/ea_biofilm_results/preprocessed/reads/K11_2022/K11_2022_filtered.R2.fq.gz
K12_2021	/prj/DECODE/ea_biofilm_results_AT_additional/preprocessed/reads/K12_2021/K12_2021_filtered.R1.fq.gz	/prj/DECODE/ea_biofilm_results_AT_additional/preprocessed/reads/K12_2021/K12_2021_filtered.R2.fq.gz
K14_2022	/prj/DECODE/ea_biofilm_results/preprocessed/reads/K14_2022/K14_2022_filtered.R1.fq.gz	/prj/DECODE/ea_biofilm_results/preprocessed/reads/K14_2022/K14_2022_filtered.R2.fq.gz
K15_2021	/prj/DECODE/ea_biofilm_results_AT/preprocessed/reads/K15_2021/K15_2021_filtered.R1.fq.gz	/prj/DECODE/ea_biofilm_results_AT/preprocessed/reads/K15_2021/K15_2021_filtered.R2.fq.gz
K17_2021	/prj/DECODE/ea_biofilm_results/preprocessed/reads/K17_2021/K17_2021_filtered.R1.fq.gz	/prj/DECODE/ea_biofilm_results/preprocessed/reads/K17_2021/K17_2021_filtered.R2.fq.gz
K17_2022	/prj/DECODE/ea_biofilm_results_AT_additional/preprocessed/reads/K17_2022/K17_2022_filtered.R1.fq.gz	/prj/DECODE/ea_biofilm_results_AT_additional/preprocessed/reads/K17_2022/K17_2022_filtered.R2.fq.gz
K18_2021	/prj/DECODE/ea_biofilm_results/preprocessed/reads/K18_2021/K18_2021_filtered.R1.fq.gz	/prj/DECODE/ea_biofilm_results/preprocessed/reads/K18_2021/K18_2021_filtered.R2.fq.gz
K21_2022	/prj/DECODE/ea_biofilm_results_AT_additional/preprocessed/reads/K21_2022/K21_2022_filtered.R1.fq.gz	/prj/DECODE/ea_biofilm_results_AT_additional/preprocessed/reads/K21_2022/K21_2022_filtered.R2.fq.gz
K38_2021	/prj/DECODE/ea_biofilm_results/preprocessed/reads/K38_2021/K38_2021_filtered.R1.fq.gz	/prj/DECODE/ea_biofilm_results/preprocessed/reads/K38_2021/K38_2021_filtered.R2.fq.gz
K43_2021	/prj/DECODE/ea_biofilm_results_AT_additional/preprocessed/reads/K43_2021/K43_2021_filtered.R1.fq.gz	/prj/DECODE/ea_biofilm_results_AT_additional/preprocessed/reads/K43_2021/K43_2021_filtered.R2.fq.gz
K48_2023	/prj/DECODE/ea_biofilm_results_AT_additional/preprocessed/reads/K48_2023/K48_2023_filtered.R1.fq.gz	/prj/DECODE/ea_biofilm_results_AT_additional/preprocessed/reads/K48_2023/K48_2023_filtered.R2.fq.gz
K49_2023	/prj/DECODE/ea_biofilm_results_AT_additional/preprocessed/reads/K49_2023/K49_2023_filtered.R1.fq.gz	/prj/DECODE/ea_biofilm_results_AT_additional/preprocessed/reads/K49_2023/K49_2023_filtered.R2.fq.gz
K5_2021	/prj/DECODE/ea_biofilm_results/preprocessed/reads/K5_2021/K5_2021_filtered.R1.fq.gz	/prj/DECODE/ea_biofilm_results/preprocessed/reads/K5_2021/K5_2021_filtered.R2.fq.gz
K52_2021	/prj/DECODE/ea_biofilm_results_AT_additional/preprocessed/reads/K52_2021/K52_2021_filtered.R1.fq.gz	/prj/DECODE/ea_biofilm_results_AT_additional/preprocessed/reads/K52_2021/K52_2021_filtered.R2.fq.gz
K54_2021	/prj/DECODE/ea_biofilm_results/preprocessed/reads/K54_2021/K54_2021_filtered.R1.fq.gz	/prj/DECODE/ea_biofilm_results/preprocessed/reads/K54_2021/K54_2021_filtered.R2.fq.gz
K57_2021	/prj/DECODE/ea_biofilm_results_AT_additional/preprocessed/reads/K57_2021/K57_2021_filtered.R1.fq.gz	/prj/DECODE/ea_biofilm_results_AT_additional/preprocessed/reads/K57_2021/K57_2021_filtered.R2.fq.gz
K61_2022	/prj/DECODE/ea_biofilm_results/preprocessed/reads/K61_2022/K61_2022_filtered.R1.fq.gz	/prj/DECODE/ea_biofilm_results/preprocessed/reads/K61_2022/K61_2022_filtered.R2.fq.gz
K63_2022	/prj/DECODE/ea_biofilm_results/preprocessed/reads/K63_2022/K63_2022_filtered.R1.fq.gz	/prj/DECODE/ea_biofilm_results/preprocessed/reads/K63_2022/K63_2022_filtered.R2.fq.gz
L10_2021	/prj/DECODE/ea_biofilm_results/preprocessed/reads/L10_2021/L10_2021_filtered.R1.fq.gz	/prj/DECODE/ea_biofilm_results/preprocessed/reads/L10_2021/L10_2021_filtered.R2.fq.gz
L10_2022	/prj/DECODE/ea_biofilm_results/preprocessed/reads/L10_2022/L10_2022_filtered.R1.fq.gz	/prj/DECODE/ea_biofilm_results/preprocessed/reads/L10_2022/L10_2022_filtered.R2.fq.gz
L11_2023	/prj/DECODE/ea_biofilm_results_AT_additional/preprocessed/reads/L11_2023/L11_2023_filtered.R1.fq.gz	/prj/DECODE/ea_biofilm_results_AT_additional/preprocessed/reads/L11_2023/L11_2023_filtered.R2.fq.gz
L13_2021	/prj/DECODE/ea_biofilm_results_AT_additional/preprocessed/reads/L13_2021/L13_2021_filtered.R1.fq.gz	/prj/DECODE/ea_biofilm_results_AT_additional/preprocessed/reads/L13_2021/L13_2021_filtered.R2.fq.gz
L13_2023	/prj/DECODE/ea_biofilm_results_AT_additional/preprocessed/reads/L13_2023/L13_2023_filtered.R1.fq.gz	/prj/DECODE/ea_biofilm_results_AT_additional/preprocessed/reads/L13_2023/L13_2023_filtered.R2.fq.gz
L14_2023	/prj/DECODE/ea_biofilm_results_AT_additional/preprocessed/reads/L14_2023/L14_2023_filtered.R1.fq.gz	/prj/DECODE/ea_biofilm_results_AT_additional/preprocessed/reads/L14_2023/L14_2023_filtered.R2.fq.gz
L16_2021	/prj/DECODE/ea_biofilm_results/preprocessed/reads/L16_2021/L16_2021_filtered.R1.fq.gz	/prj/DECODE/ea_biofilm_results/preprocessed/reads/L16_2021/L16_2021_filtered.R2.fq.gz
L16_2022	/prj/DECODE/ea_biofilm_results_AT_additional/preprocessed/reads/L16_2022/L16_2022_filtered.R1.fq.gz	/prj/DECODE/ea_biofilm_results_AT_additional/preprocessed/reads/L16_2022/L16_2022_filtered.R2.fq.gz
L25_2021	/prj/DECODE/ea_biofilm_results_AT_additional/preprocessed/reads/L25_2021/L25_2021_filtered.R1.fq.gz	/prj/DECODE/ea_biofilm_results_AT_additional/preprocessed/reads/L25_2021/L25_2021_filtered.R2.fq.gz
L25_2022	/prj/DECODE/ea_biofilm_results/preprocessed/reads/L25_2022/L25_2022_filtered.R1.fq.gz	/prj/DECODE/ea_biofilm_results/preprocessed/reads/L25_2022/L25_2022_filtered.R2.fq.gz
L25_2023	/prj/DECODE/ea_biofilm_results_AT_additional/preprocessed/reads/L25_2023/L25_2023_filtered.R1.fq.gz	/prj/DECODE/ea_biofilm_results_AT_additional/preprocessed/reads/L25_2023/L25_2023_filtered.R2.fq.gz
L26_2023	/prj/DECODE/ea_biofilm_results_AT_additional/preprocessed/reads/L26_2023/L26_2023_filtered.R1.fq.gz	/prj/DECODE/ea_biofilm_results_AT_additional/preprocessed/reads/L26_2023/L26_2023_filtered.R2.fq.gz
L29_2023	/prj/DECODE/ea_biofilm_results_AT_additional/preprocessed/reads/L29_2023/L29_2023_filtered.R1.fq.gz	/prj/DECODE/ea_biofilm_results_AT_additional/preprocessed/reads/L29_2023/L29_2023_filtered.R2.fq.gz
L30_2021	/prj/DECODE/ea_biofilm_results_AT_additional/preprocessed/reads/L30_2021/L30_2021_filtered.R1.fq.gz	/prj/DECODE/ea_biofilm_results_AT_additional/preprocessed/reads/L30_2021/L30_2021_filtered.R2.fq.gz
L31_2021	/prj/DECODE/ea_biofilm_results/preprocessed/reads/L31_2021/L31_2021_filtered.R1.fq.gz	/prj/DECODE/ea_biofilm_results/preprocessed/reads/L31_2021/L31_2021_filtered.R2.fq.gz
L31_2022	/prj/DECODE/ea_biofilm_results/preprocessed/reads/L31_2022/L31_2022_filtered.R1.fq.gz	/prj/DECODE/ea_biofilm_results/preprocessed/reads/L31_2022/L31_2022_filtered.R2.fq.gz
L32_2022	/prj/DECODE/ea_biofilm_results/preprocessed/reads/L32_2022/L32_2022_filtered.R1.fq.gz	/prj/DECODE/ea_biofilm_results/preprocessed/reads/L32_2022/L32_2022_filtered.R2.fq.gz
L32_2023	/prj/DECODE/ea_biofilm_results_AT_additional/preprocessed/reads/L32_2023/L32_2023_filtered.R1.fq.gz	/prj/DECODE/ea_biofilm_results_AT_additional/preprocessed/reads/L32_2023/L32_2023_filtered.R2.fq.gz
L35_2023	/prj/DECODE/ea_biofilm_results_AT_additional/preprocessed/reads/L35_2023/L35_2023_filtered.R1.fq.gz	/prj/DECODE/ea_biofilm_results_AT_additional/preprocessed/reads/L35_2023/L35_2023_filtered.R2.fq.gz
L39_2021	/prj/DECODE/ea_biofilm_results/preprocessed/reads/L39_2021/L39_2021_filtered.R1.fq.gz	/prj/DECODE/ea_biofilm_results/preprocessed/reads/L39_2021/L39_2021_filtered.R2.fq.gz
L39_2022	/prj/DECODE/ea_biofilm_results_AT_additional/preprocessed/reads/L39_2022/L39_2022_filtered.R1.fq.gz	/prj/DECODE/ea_biofilm_results_AT_additional/preprocessed/reads/L39_2022/L39_2022_filtered.R2.fq.gz
L4_2022	/prj/DECODE/ea_biofilm_results/preprocessed/reads/L4_2022/L4_2022_filtered.R1.fq.gz	/prj/DECODE/ea_biofilm_results/preprocessed/reads/L4_2022/L4_2022_filtered.R2.fq.gz
L43_2023	/prj/DECODE/ea_biofilm_results_AT_additional/preprocessed/reads/L43_2023/L43_2023_filtered.R1.fq.gz	/prj/DECODE/ea_biofilm_results_AT_additional/preprocessed/reads/L43_2023/L43_2023_filtered.R2.fq.gz
L44_2023	/prj/DECODE/ea_biofilm_results_AT_additional/preprocessed/reads/L44_2023/L44_2023_filtered.R1.fq.gz	/prj/DECODE/ea_biofilm_results_AT_additional/preprocessed/reads/L44_2023/L44_2023_filtered.R2.fq.gz
L46_2021	/prj/DECODE/ea_biofilm_results_AT_additional/preprocessed/reads/L46_2021/L46_2021_filtered.R1.fq.gz	/prj/DECODE/ea_biofilm_results_AT_additional/preprocessed/reads/L46_2021/L46_2021_filtered.R2.fq.gz
L48_2021	/prj/DECODE/ea_biofilm_results_AT_additional/preprocessed/reads/L48_2021/L48_2021_filtered.R1.fq.gz	/prj/DECODE/ea_biofilm_results_AT_additional/preprocessed/reads/L48_2021/L48_2021_filtered.R2.fq.gz
L50_2023	/prj/DECODE/ea_biofilm_results_AT_additional/preprocessed/reads/L50_2023/L50_2023_filtered.R1.fq.gz	/prj/DECODE/ea_biofilm_results_AT_additional/preprocessed/reads/L50_2023/L50_2023_filtered.R2.fq.gz
L53_2022	/prj/DECODE/ea_biofilm_results_AT_additional/preprocessed/reads/L53_2022/L53_2022_filtered.R1.fq.gz	/prj/DECODE/ea_biofilm_results_AT_additional/preprocessed/reads/L53_2022/L53_2022_filtered.R2.fq.gz
L53_2023	/prj/DECODE/ea_biofilm_results_AT_additional/preprocessed/reads/L53_2023/L53_2023_filtered.R1.fq.gz	/prj/DECODE/ea_biofilm_results_AT_additional/preprocessed/reads/L53_2023/L53_2023_filtered.R2.fq.gz
L55_2023	/prj/DECODE/ea_biofilm_results_AT_additional/preprocessed/reads/L55_2023/L55_2023_filtered.R1.fq.gz	/prj/DECODE/ea_biofilm_results_AT_additional/preprocessed/reads/L55_2023/L55_2023_filtered.R2.fq.gz
L56_2022	/prj/DECODE/ea_biofilm_results/preprocessed/reads/L56_2022/L56_2022_filtered.R1.fq.gz	/prj/DECODE/ea_biofilm_results/preprocessed/reads/L56_2022/L56_2022_filtered.R2.fq.gz
L6_2022	/prj/DECODE/ea_biofilm_results_AT_additional/preprocessed/reads/L6_2022/L6_2022_filtered.R1.fq.gz	/prj/DECODE/ea_biofilm_results_AT_additional/preprocessed/reads/L6_2022/L6_2022_filtered.R2.fq.gz
L62_2022	/prj/DECODE/ea_biofilm_results/preprocessed/reads/L62_2022/L62_2022_filtered.R1.fq.gz	/prj/DECODE/ea_biofilm_results/preprocessed/reads/L62_2022/L62_2022_filtered.R2.fq.gz
L65_2021	/prj/DECODE/ea_biofilm_results_AT_additional/preprocessed/reads/L65_2021/L65_2021_filtered.R1.fq.gz	/prj/DECODE/ea_biofilm_results_AT_additional/preprocessed/reads/L65_2021/L65_2021_filtered.R2.fq.gz
L7_2021	/prj/DECODE/ea_biofilm_results/preprocessed/reads/L7_2021/L7_2021_filtered.R1.fq.gz	/prj/DECODE/ea_biofilm_results/preprocessed/reads/L7_2021/L7_2021_filtered.R2.fq.gz
L9_2022	/prj/DECODE/ea_biofilm_results/preprocessed/reads/L9_2022/L9_2022_filtered.R1.fq.gz	/prj/DECODE/ea_biofilm_results/preprocessed/reads/L9_2022/L9_2022_filtered.R2.fq.gz
L9_2023	/prj/DECODE/ea_biofilm_results_AT_additional/preprocessed/reads/L9_2023/L9_2023_filtered.R1.fq.gz	/prj/DECODE/ea_biofilm_results_AT_additional/preprocessed/reads/L9_2023/L9_2023_filtered.R2.fq.gz
M1_2023	/prj/DECODE/ea_biofilm_results_AT_additional/preprocessed/reads/M1_2023/M1_2023_filtered.R1.fq.gz	/prj/DECODE/ea_biofilm_results_AT_additional/preprocessed/reads/M1_2023/M1_2023_filtered.R2.fq.gz
M18_2023	/prj/DECODE/ea_biofilm_results_AT_additional/preprocessed/reads/M18_2023/M18_2023_filtered.R1.fq.gz	/prj/DECODE/ea_biofilm_results_AT_additional/preprocessed/reads/M18_2023/M18_2023_filtered.R2.fq.gz
M20_2023	/prj/DECODE/ea_biofilm_results_AT_additional/preprocessed/reads/M20_2023/M20_2023_filtered.R1.fq.gz	/prj/DECODE/ea_biofilm_results_AT_additional/preprocessed/reads/M20_2023/M20_2023_filtered.R2.fq.gz
M23_2023	/prj/DECODE/ea_biofilm_results_AT_additional/preprocessed/reads/M23_2023/M23_2023_filtered.R1.fq.gz	/prj/DECODE/ea_biofilm_results_AT_additional/preprocessed/reads/M23_2023/M23_2023_filtered.R2.fq.gz
M24_2021	/prj/DECODE/ea_biofilm_results_AT_additional/preprocessed/reads/M24_2021/M24_2021_filtered.R1.fq.gz	/prj/DECODE/ea_biofilm_results_AT_additional/preprocessed/reads/M24_2021/M24_2021_filtered.R2.fq.gz
M24_2023	/prj/DECODE/ea_biofilm_results_AT_additional/preprocessed/reads/M24_2023/M24_2023_filtered.R1.fq.gz	/prj/DECODE/ea_biofilm_results_AT_additional/preprocessed/reads/M24_2023/M24_2023_filtered.R2.fq.gz
M28_2023	/prj/DECODE/ea_biofilm_results_AT_additional/preprocessed/reads/M28_2023/M28_2023_filtered.R1.fq.gz	/prj/DECODE/ea_biofilm_results_AT_additional/preprocessed/reads/M28_2023/M28_2023_filtered.R2.fq.gz
M3_2022	/prj/DECODE/ea_biofilm_results/preprocessed/reads/M3_2022/M3_2022_filtered.R1.fq.gz	/prj/DECODE/ea_biofilm_results/preprocessed/reads/M3_2022/M3_2022_filtered.R2.fq.gz
M32_2023	/prj/DECODE/ea_biofilm_results_AT_additional/preprocessed/reads/M32_2023/M32_2023_filtered.R1.fq.gz	/prj/DECODE/ea_biofilm_results_AT_additional/preprocessed/reads/M32_2023/M32_2023_filtered.R2.fq.gz
M33_2022	/prj/DECODE/ea_biofilm_results/preprocessed/reads/M33_2022/M33_2022_filtered.R1.fq.gz	/prj/DECODE/ea_biofilm_results/preprocessed/reads/M33_2022/M33_2022_filtered.R2.fq.gz
M35_2022	/prj/DECODE/ea_biofilm_results_AT_additional/preprocessed/reads/M35_2022/M35_2022_filtered.R1.fq.gz	/prj/DECODE/ea_biofilm_results_AT_additional/preprocessed/reads/M35_2022/M35_2022_filtered.R2.fq.gz
M38_2023	/prj/DECODE/ea_biofilm_results_AT_additional/preprocessed/reads/M38_2023/M38_2023_filtered.R1.fq.gz	/prj/DECODE/ea_biofilm_results_AT_additional/preprocessed/reads/M38_2023/M38_2023_filtered.R2.fq.gz
M40_2023	/prj/DECODE/ea_biofilm_results_AT_additional/preprocessed/reads/M40_2023/M40_2023_filtered.R1.fq.gz	/prj/DECODE/ea_biofilm_results_AT_additional/preprocessed/reads/M40_2023/M40_2023_filtered.R2.fq.gz
M42_2022	/prj/DECODE/ea_biofilm_results_AT_additional/preprocessed/reads/M42_2022/M42_2022_filtered.R1.fq.gz	/prj/DECODE/ea_biofilm_results_AT_additional/preprocessed/reads/M42_2022/M42_2022_filtered.R2.fq.gz
M43_2023	/prj/DECODE/ea_biofilm_results_AT_additional/preprocessed/reads/M43_2023/M43_2023_filtered.R1.fq.gz	/prj/DECODE/ea_biofilm_results_AT_additional/preprocessed/reads/M43_2023/M43_2023_filtered.R2.fq.gz
M46_2021	/prj/DECODE/ea_biofilm_results_AT_additional/preprocessed/reads/M46_2021/M46_2021_filtered.R1.fq.gz	/prj/DECODE/ea_biofilm_results_AT_additional/preprocessed/reads/M46_2021/M46_2021_filtered.R2.fq.gz
M47_2023	/prj/DECODE/ea_biofilm_results_AT_additional/preprocessed/reads/M47_2023/M47_2023_filtered.R1.fq.gz	/prj/DECODE/ea_biofilm_results_AT_additional/preprocessed/reads/M47_2023/M47_2023_filtered.R2.fq.gz
M5_2022	/prj/DECODE/ea_biofilm_results_AT_additional/preprocessed/reads/M5_2022/M5_2022_filtered.R1.fq.gz	/prj/DECODE/ea_biofilm_results_AT_additional/preprocessed/reads/M5_2022/M5_2022_filtered.R2.fq.gz
M52_2022	/prj/DECODE/ea_biofilm_results/preprocessed/reads/M52_2022/M52_2022_filtered.R1.fq.gz	/prj/DECODE/ea_biofilm_results/preprocessed/reads/M52_2022/M52_2022_filtered.R2.fq.gz
M55_2021	/prj/DECODE/ea_biofilm_results/preprocessed/reads/M55_2021/M55_2021_filtered.R1.fq.gz	/prj/DECODE/ea_biofilm_results/preprocessed/reads/M55_2021/M55_2021_filtered.R2.fq.gz
M56_2023	/prj/DECODE/ea_biofilm_results_AT_additional/preprocessed/reads/M56_2023/M56_2023_filtered.R1.fq.gz	/prj/DECODE/ea_biofilm_results_AT_additional/preprocessed/reads/M56_2023/M56_2023_filtered.R2.fq.gz
M57_2023	/prj/DECODE/ea_biofilm_results_AT_additional/preprocessed/reads/M57_2023/M57_2023_filtered.R1.fq.gz	/prj/DECODE/ea_biofilm_results_AT_additional/preprocessed/reads/M57_2023/M57_2023_filtered.R2.fq.gz
M60_2022	/prj/DECODE/ea_biofilm_results/preprocessed/reads/M60_2022/M60_2022_filtered.R1.fq.gz	/prj/DECODE/ea_biofilm_results/preprocessed/reads/M60_2022/M60_2022_filtered.R2.fq.gz
M62_2022	/prj/DECODE/ea_biofilm_results_AT_additional/preprocessed/reads/M62_2022/M62_2022_filtered.R1.fq.gz	/prj/DECODE/ea_biofilm_results_AT_additional/preprocessed/reads/M62_2022/M62_2022_filtered.R2.fq.gz
M63_2021	/prj/DECODE/ea_biofilm_results/preprocessed/reads/M63_2021/M63_2021_filtered.R1.fq.gz	/prj/DECODE/ea_biofilm_results/preprocessed/reads/M63_2021/M63_2021_filtered.R2.fq.gz
M63_2022	/prj/DECODE/ea_biofilm_results/preprocessed/reads/M63_2022/M63_2022_filtered.R1.fq.gz	/prj/DECODE/ea_biofilm_results/preprocessed/reads/M63_2022/M63_2022_filtered.R2.fq.gz
M64_2023	/prj/DECODE/ea_biofilm_results_AT_additional/preprocessed/reads/M64_2023/M64_2023_filtered.R1.fq.gz	/prj/DECODE/ea_biofilm_results_AT_additional/preprocessed/reads/M64_2023/M64_2023_filtered.R2.fq.gz
M65_2021	/prj/DECODE/ea_biofilm_results/preprocessed/reads/M65_2021/M65_2021_filtered.R1.fq.gz	/prj/DECODE/ea_biofilm_results/preprocessed/reads/M65_2021/M65_2021_filtered.R2.fq.gz
M65_2022	/prj/DECODE/ea_biofilm_results/preprocessed/reads/M65_2022/M65_2022_filtered.R1.fq.gz	/prj/DECODE/ea_biofilm_results/preprocessed/reads/M65_2022/M65_2022_filtered.R2.fq.gz
N17_2023	/prj/DECODE/ea_biofilm_results_AT_additional/preprocessed/reads/N17_2023/N17_2023_filtered.R1.fq.gz	/prj/DECODE/ea_biofilm_results_AT_additional/preprocessed/reads/N17_2023/N17_2023_filtered.R2.fq.gz
N19_2021	/prj/DECODE/ea_biofilm_results/preprocessed/reads/N19_2021/N19_2021_filtered.R1.fq.gz	/prj/DECODE/ea_biofilm_results/preprocessed/reads/N19_2021/N19_2021_filtered.R2.fq.gz
N20_2023	/prj/DECODE/ea_biofilm_results_AT_additional/preprocessed/reads/N20_2023/N20_2023_filtered.R1.fq.gz	/prj/DECODE/ea_biofilm_results_AT_additional/preprocessed/reads/N20_2023/N20_2023_filtered.R2.fq.gz
N2_2022	/prj/DECODE/ea_biofilm_results/preprocessed/reads/N2_2022/N2_2022_filtered.R1.fq.gz	/prj/DECODE/ea_biofilm_results/preprocessed/reads/N2_2022/N2_2022_filtered.R2.fq.gz
N2_2023	/prj/DECODE/ea_biofilm_results_AT_additional/preprocessed/reads/N2_2023/N2_2023_filtered.R1.fq.gz	/prj/DECODE/ea_biofilm_results_AT_additional/preprocessed/reads/N2_2023/N2_2023_filtered.R2.fq.gz
N22_2022	/prj/DECODE/ea_biofilm_results_AT_additional/preprocessed/reads/N22_2022/N22_2022_filtered.R1.fq.gz	/prj/DECODE/ea_biofilm_results_AT_additional/preprocessed/reads/N22_2022/N22_2022_filtered.R2.fq.gz
N26_2023	/prj/DECODE/ea_biofilm_results_AT_additional/preprocessed/reads/N26_2023/N26_2023_filtered.R1.fq.gz	/prj/DECODE/ea_biofilm_results_AT_additional/preprocessed/reads/N26_2023/N26_2023_filtered.R2.fq.gz
N30_2021	/prj/DECODE/ea_biofilm_results_AT_additional/preprocessed/reads/N30_2021/N30_2021_filtered.R1.fq.gz	/prj/DECODE/ea_biofilm_results_AT_additional/preprocessed/reads/N30_2021/N30_2021_filtered.R2.fq.gz
N30_2022	/prj/DECODE/ea_biofilm_results/preprocessed/reads/N30_2022/N30_2022_filtered.R1.fq.gz	/prj/DECODE/ea_biofilm_results/preprocessed/reads/N30_2022/N30_2022_filtered.R2.fq.gz
N3_2023	/prj/DECODE/ea_biofilm_results_AT_additional/preprocessed/reads/N3_2023/N3_2023_filtered.R1.fq.gz	/prj/DECODE/ea_biofilm_results_AT_additional/preprocessed/reads/N3_2023/N3_2023_filtered.R2.fq.gz
N33_2022	/prj/DECODE/ea_biofilm_results/preprocessed/reads/N33_2022/N33_2022_filtered.R1.fq.gz	/prj/DECODE/ea_biofilm_results/preprocessed/reads/N33_2022/N33_2022_filtered.R2.fq.gz
N36_2023	/prj/DECODE/ea_biofilm_results_AT_additional/preprocessed/reads/N36_2023/N36_2023_filtered.R1.fq.gz	/prj/DECODE/ea_biofilm_results_AT_additional/preprocessed/reads/N36_2023/N36_2023_filtered.R2.fq.gz
N41_2023	/prj/DECODE/ea_biofilm_results_AT_additional/preprocessed/reads/N41_2023/N41_2023_filtered.R1.fq.gz	/prj/DECODE/ea_biofilm_results_AT_additional/preprocessed/reads/N41_2023/N41_2023_filtered.R2.fq.gz
N4_2021	/prj/DECODE/ea_biofilm_results_AT_additional/preprocessed/reads/N4_2021/N4_2021_filtered.R1.fq.gz	/prj/DECODE/ea_biofilm_results_AT_additional/preprocessed/reads/N4_2021/N4_2021_filtered.R2.fq.gz
N42_2021	/prj/DECODE/ea_biofilm_results_AT_additional/preprocessed/reads/N42_2021/N42_2021_filtered.R1.fq.gz	/prj/DECODE/ea_biofilm_results_AT_additional/preprocessed/reads/N42_2021/N42_2021_filtered.R2.fq.gz
N42_2022	/prj/DECODE/ea_biofilm_results_AT_additional/preprocessed/reads/N42_2022/N42_2022_filtered.R1.fq.gz	/prj/DECODE/ea_biofilm_results_AT_additional/preprocessed/reads/N42_2022/N42_2022_filtered.R2.fq.gz
N44_2022	/prj/DECODE/ea_biofilm_results/preprocessed/reads/N44_2022/N44_2022_filtered.R1.fq.gz	/prj/DECODE/ea_biofilm_results/preprocessed/reads/N44_2022/N44_2022_filtered.R2.fq.gz
N45_2022	/prj/DECODE/ea_biofilm_results_AT_additional/preprocessed/reads/N45_2022/N45_2022_filtered.R1.fq.gz	/prj/DECODE/ea_biofilm_results_AT_additional/preprocessed/reads/N45_2022/N45_2022_filtered.R2.fq.gz
N50_2021	/prj/DECODE/ea_biofilm_results/preprocessed/reads/N50_2021/N50_2021_filtered.R1.fq.gz	/prj/DECODE/ea_biofilm_results/preprocessed/reads/N50_2021/N50_2021_filtered.R2.fq.gz
N50_2023	/prj/DECODE/ea_biofilm_results_AT_additional/preprocessed/reads/N50_2023/N50_2023_filtered.R1.fq.gz	/prj/DECODE/ea_biofilm_results_AT_additional/preprocessed/reads/N50_2023/N50_2023_filtered.R2.fq.gz
N5_2023	/prj/DECODE/ea_biofilm_results_AT_additional/preprocessed/reads/N5_2023/N5_2023_filtered.R1.fq.gz	/prj/DECODE/ea_biofilm_results_AT_additional/preprocessed/reads/N5_2023/N5_2023_filtered.R2.fq.gz
N52_2021	/prj/DECODE/ea_biofilm_results/preprocessed/reads/N52_2021/N52_2021_filtered.R1.fq.gz	/prj/DECODE/ea_biofilm_results/preprocessed/reads/N52_2021/N52_2021_filtered.R2.fq.gz
N52_2022	/prj/DECODE/ea_biofilm_results_AT_additional/preprocessed/reads/N52_2022/N52_2022_filtered.R1.fq.gz	/prj/DECODE/ea_biofilm_results_AT_additional/preprocessed/reads/N52_2022/N52_2022_filtered.R2.fq.gz
N55_2021	/prj/DECODE/ea_biofilm_results_AT_additional/preprocessed/reads/N55_2021/N55_2021_filtered.R1.fq.gz	/prj/DECODE/ea_biofilm_results_AT_additional/preprocessed/reads/N55_2021/N55_2021_filtered.R2.fq.gz
N59_2022	/prj/DECODE/ea_biofilm_results/preprocessed/reads/N59_2022/N59_2022_filtered.R1.fq.gz	/prj/DECODE/ea_biofilm_results/preprocessed/reads/N59_2022/N59_2022_filtered.R2.fq.gz
N59_2023	/prj/DECODE/ea_biofilm_results_AT_additional/preprocessed/reads/N59_2023/N59_2023_filtered.R1.fq.gz	/prj/DECODE/ea_biofilm_results_AT_additional/preprocessed/reads/N59_2023/N59_2023_filtered.R2.fq.gz
N61_2021	/prj/DECODE/ea_biofilm_results_AT_additional/preprocessed/reads/N61_2021/N61_2021_filtered.R1.fq.gz	/prj/DECODE/ea_biofilm_results_AT_additional/preprocessed/reads/N61_2021/N61_2021_filtered.R2.fq.gz
N62_2022	/prj/DECODE/ea_biofilm_results/preprocessed/reads/N62_2022/N62_2022_filtered.R1.fq.gz	/prj/DECODE/ea_biofilm_results/preprocessed/reads/N62_2022/N62_2022_filtered.R2.fq.gz
N65_2022	/prj/DECODE/ea_biofilm_results_AT_additional/preprocessed/reads/N65_2022/N65_2022_filtered.R1.fq.gz	/prj/DECODE/ea_biofilm_results_AT_additional/preprocessed/reads/N65_2022/N65_2022_filtered.R2.fq.gz
N7_2021	/prj/DECODE/ea_biofilm_results_AT_additional/preprocessed/reads/N7_2021/N7_2021_filtered.R1.fq.gz	/prj/DECODE/ea_biofilm_results_AT_additional/preprocessed/reads/N7_2021/N7_2021_filtered.R2.fq.gz
N8_2022	/prj/DECODE/ea_biofilm_results_AT_additional/preprocessed/reads/N8_2022/N8_2022_filtered.R1.fq.gz	/prj/DECODE/ea_biofilm_results_AT_additional/preprocessed/reads/N8_2022/N8_2022_filtered.R2.fq.gz
O12_2022	/prj/DECODE/ea_biofilm_results_AT_additional/preprocessed/reads/O12_2022/O12_2022_filtered.R1.fq.gz	/prj/DECODE/ea_biofilm_results_AT_additional/preprocessed/reads/O12_2022/O12_2022_filtered.R2.fq.gz
O13_2022	/prj/DECODE/ea_biofilm_results_AT_additional/preprocessed/reads/O13_2022/O13_2022_filtered.R1.fq.gz	/prj/DECODE/ea_biofilm_results_AT_additional/preprocessed/reads/O13_2022/O13_2022_filtered.R2.fq.gz
O15_2022	/prj/DECODE/ea_biofilm_results_AT_additional/preprocessed/reads/O15_2022/O15_2022_filtered.R1.fq.gz	/prj/DECODE/ea_biofilm_results_AT_additional/preprocessed/reads/O15_2022/O15_2022_filtered.R2.fq.gz
O17_2021	/prj/DECODE/ea_biofilm_results/preprocessed/reads/O17_2021/O17_2021_filtered.R1.fq.gz	/prj/DECODE/ea_biofilm_results/preprocessed/reads/O17_2021/O17_2021_filtered.R2.fq.gz
O24_2023	/prj/DECODE/ea_biofilm_results_AT_additional/preprocessed/reads/O24_2023/O24_2023_filtered.R1.fq.gz	/prj/DECODE/ea_biofilm_results_AT_additional/preprocessed/reads/O24_2023/O24_2023_filtered.R2.fq.gz
O25_2022	/prj/DECODE/ea_biofilm_results/preprocessed/reads/O25_2022/O25_2022_filtered.R1.fq.gz	/prj/DECODE/ea_biofilm_results/preprocessed/reads/O25_2022/O25_2022_filtered.R2.fq.gz
O29_2022	/prj/DECODE/ea_biofilm_results_AT_additional/preprocessed/reads/O29_2022/O29_2022_filtered.R1.fq.gz	/prj/DECODE/ea_biofilm_results_AT_additional/preprocessed/reads/O29_2022/O29_2022_filtered.R2.fq.gz
O30_2022	/prj/DECODE/ea_biofilm_results_AT_additional/preprocessed/reads/O30_2022/O30_2022_filtered.R1.fq.gz	/prj/DECODE/ea_biofilm_results_AT_additional/preprocessed/reads/O30_2022/O30_2022_filtered.R2.fq.gz
O33_2022	/prj/DECODE/ea_biofilm_results_AT_additional/preprocessed/reads/O33_2022/O33_2022_filtered.R1.fq.gz	/prj/DECODE/ea_biofilm_results_AT_additional/preprocessed/reads/O33_2022/O33_2022_filtered.R2.fq.gz
O35_2022	/prj/DECODE/ea_biofilm_results_AT_additional/preprocessed/reads/O35_2022/O35_2022_filtered.R1.fq.gz	/prj/DECODE/ea_biofilm_results_AT_additional/preprocessed/reads/O35_2022/O35_2022_filtered.R2.fq.gz
O36_2023	/prj/DECODE/ea_biofilm_results_AT_additional/preprocessed/reads/O36_2023/O36_2023_filtered.R1.fq.gz	/prj/DECODE/ea_biofilm_results_AT_additional/preprocessed/reads/O36_2023/O36_2023_filtered.R2.fq.gz
O4_2021	/prj/DECODE/ea_biofilm_results_AT_additional/preprocessed/reads/O4_2021/O4_2021_filtered.R1.fq.gz	/prj/DECODE/ea_biofilm_results_AT_additional/preprocessed/reads/O4_2021/O4_2021_filtered.R2.fq.gz
O42_2021	/prj/DECODE/ea_biofilm_results_AT_additional/preprocessed/reads/O42_2021/O42_2021_filtered.R1.fq.gz	/prj/DECODE/ea_biofilm_results_AT_additional/preprocessed/reads/O42_2021/O42_2021_filtered.R2.fq.gz
O5_2023	/prj/DECODE/ea_biofilm_results_AT_additional/preprocessed/reads/O5_2023/O5_2023_filtered.R1.fq.gz	/prj/DECODE/ea_biofilm_results_AT_additional/preprocessed/reads/O5_2023/O5_2023_filtered.R2.fq.gz
O52_2022	/prj/DECODE/ea_biofilm_results/preprocessed/reads/O52_2022/O52_2022_filtered.R1.fq.gz	/prj/DECODE/ea_biofilm_results/preprocessed/reads/O52_2022/O52_2022_filtered.R2.fq.gz
O53_2022	/prj/DECODE/ea_biofilm_results/preprocessed/reads/O53_2022/O53_2022_filtered.R1.fq.gz	/prj/DECODE/ea_biofilm_results/preprocessed/reads/O53_2022/O53_2022_filtered.R2.fq.gz
O54_2022	/prj/DECODE/ea_biofilm_results_AT_additional/preprocessed/reads/O54_2022/O54_2022_filtered.R1.fq.gz	/prj/DECODE/ea_biofilm_results_AT_additional/preprocessed/reads/O54_2022/O54_2022_filtered.R2.fq.gz
O56_2022	/prj/DECODE/ea_biofilm_results_AT_additional/preprocessed/reads/O56_2022/O56_2022_filtered.R1.fq.gz	/prj/DECODE/ea_biofilm_results_AT_additional/preprocessed/reads/O56_2022/O56_2022_filtered.R2.fq.gz
O6_2022	/prj/DECODE/ea_biofilm_results_AT_additional/preprocessed/reads/O6_2022/O6_2022_filtered.R1.fq.gz	/prj/DECODE/ea_biofilm_results_AT_additional/preprocessed/reads/O6_2022/O6_2022_filtered.R2.fq.gz
O62_2022	/prj/DECODE/ea_biofilm_results/preprocessed/reads/O62_2022/O62_2022_filtered.R1.fq.gz	/prj/DECODE/ea_biofilm_results/preprocessed/reads/O62_2022/O62_2022_filtered.R2.fq.gz
O63_2021	/prj/DECODE/ea_biofilm_results_AT_additional/preprocessed/reads/O63_2021/O63_2021_filtered.R1.fq.gz	/prj/DECODE/ea_biofilm_results_AT_additional/preprocessed/reads/O63_2021/O63_2021_filtered.R2.fq.gz
O63_2022	/prj/DECODE/ea_biofilm_results_AT_additional/preprocessed/reads/O63_2022/O63_2022_filtered.R1.fq.gz	/prj/DECODE/ea_biofilm_results_AT_additional/preprocessed/reads/O63_2022/O63_2022_filtered.R2.fq.gz
O64_2022	/prj/DECODE/ea_biofilm_results_AT_additional/preprocessed/reads/O64_2022/O64_2022_filtered.R1.fq.gz	/prj/DECODE/ea_biofilm_results_AT_additional/preprocessed/reads/O64_2022/O64_2022_filtered.R2.fq.gz
O7_2022	/prj/DECODE/ea_biofilm_results_AT_additional/preprocessed/reads/O7_2022/O7_2022_filtered.R1.fq.gz	/prj/DECODE/ea_biofilm_results_AT_additional/preprocessed/reads/O7_2022/O7_2022_filtered.R2.fq.gz
P1_2022	/prj/DECODE/ea_biofilm_results_AT_additional/preprocessed/reads/P1_2022/P1_2022_filtered.R1.fq.gz	/prj/DECODE/ea_biofilm_results_AT_additional/preprocessed/reads/P1_2022/P1_2022_filtered.R2.fq.gz
P13_2021	/prj/DECODE/ea_biofilm_results/preprocessed/reads/P13_2021/P13_2021_filtered.R1.fq.gz	/prj/DECODE/ea_biofilm_results/preprocessed/reads/P13_2021/P13_2021_filtered.R2.fq.gz
P19_2021	/prj/DECODE/ea_biofilm_results/preprocessed/reads/P19_2021/P19_2021_filtered.R1.fq.gz	/prj/DECODE/ea_biofilm_results/preprocessed/reads/P19_2021/P19_2021_filtered.R2.fq.gz
P19_2022	/prj/DECODE/ea_biofilm_results/preprocessed/reads/P19_2022/P19_2022_filtered.R1.fq.gz	/prj/DECODE/ea_biofilm_results/preprocessed/reads/P19_2022/P19_2022_filtered.R2.fq.gz
P22_2022	/prj/DECODE/ea_biofilm_results/preprocessed/reads/P22_2022/P22_2022_filtered.R1.fq.gz	/prj/DECODE/ea_biofilm_results/preprocessed/reads/P22_2022/P22_2022_filtered.R2.fq.gz
P3_2022	/prj/DECODE/ea_biofilm_results_AT_additional/preprocessed/reads/P3_2022/P3_2022_filtered.R1.fq.gz	/prj/DECODE/ea_biofilm_results_AT_additional/preprocessed/reads/P3_2022/P3_2022_filtered.R2.fq.gz
P36_2022	/prj/DECODE/ea_biofilm_results_AT_additional/preprocessed/reads/P36_2022/P36_2022_filtered.R1.fq.gz	/prj/DECODE/ea_biofilm_results_AT_additional/preprocessed/reads/P36_2022/P36_2022_filtered.R2.fq.gz
P37_2022	/prj/DECODE/ea_biofilm_results_AT_additional/preprocessed/reads/P37_2022/P37_2022_filtered.R1.fq.gz	/prj/DECODE/ea_biofilm_results_AT_additional/preprocessed/reads/P37_2022/P37_2022_filtered.R2.fq.gz
P4_2021	/prj/DECODE/ea_biofilm_results/preprocessed/reads/P4_2021/P4_2021_filtered.R1.fq.gz	/prj/DECODE/ea_biofilm_results/preprocessed/reads/P4_2021/P4_2021_filtered.R2.fq.gz
P44_2021	/prj/DECODE/ea_biofilm_results/preprocessed/reads/P44_2021/P44_2021_filtered.R1.fq.gz	/prj/DECODE/ea_biofilm_results/preprocessed/reads/P44_2021/P44_2021_filtered.R2.fq.gz
P50_2021	/prj/DECODE/ea_biofilm_results_AT_additional/preprocessed/reads/P50_2021/P50_2021_filtered.R1.fq.gz	/prj/DECODE/ea_biofilm_results_AT_additional/preprocessed/reads/P50_2021/P50_2021_filtered.R2.fq.gz
P52_2022	/prj/DECODE/ea_biofilm_results/preprocessed/reads/P52_2022/P52_2022_filtered.R1.fq.gz	/prj/DECODE/ea_biofilm_results/preprocessed/reads/P52_2022/P52_2022_filtered.R2.fq.gz
P53_2021	/prj/DECODE/ea_biofilm_results/preprocessed/reads/P53_2021/P53_2021_filtered.R1.fq.gz	/prj/DECODE/ea_biofilm_results/preprocessed/reads/P53_2021/P53_2021_filtered.R2.fq.gz
P55_2021	/prj/DECODE/ea_biofilm_results/preprocessed/reads/P55_2021/P55_2021_filtered.R1.fq.gz	/prj/DECODE/ea_biofilm_results/preprocessed/reads/P55_2021/P55_2021_filtered.R2.fq.gz
P62_2021	/prj/DECODE/ea_biofilm_results/preprocessed/reads/P62_2021/P62_2021_filtered.R1.fq.gz	/prj/DECODE/ea_biofilm_results/preprocessed/reads/P62_2021/P62_2021_filtered.R2.fq.gz
P62_2022	/prj/DECODE/ea_biofilm_results/preprocessed/reads/P62_2022/P62_2022_filtered.R1.fq.gz	/prj/DECODE/ea_biofilm_results/preprocessed/reads/P62_2022/P62_2022_filtered.R2.fq.gz
P63_2022	/prj/DECODE/ea_biofilm_results_AT_additional/preprocessed/reads/P63_2022/P63_2022_filtered.R1.fq.gz	/prj/DECODE/ea_biofilm_results_AT_additional/preprocessed/reads/P63_2022/P63_2022_filtered.R2.fq.gz
Q1_2022	/prj/DECODE/ea_biofilm_results_AT_additional/preprocessed/reads/Q1_2022/Q1_2022_filtered.R1.fq.gz	/prj/DECODE/ea_biofilm_results_AT_additional/preprocessed/reads/Q1_2022/Q1_2022_filtered.R2.fq.gz
Q15_2021	/prj/DECODE/ea_biofilm_results/preprocessed/reads/Q15_2021/Q15_2021_filtered.R1.fq.gz	/prj/DECODE/ea_biofilm_results/preprocessed/reads/Q15_2021/Q15_2021_filtered.R2.fq.gz
Q26_2021	/prj/DECODE/ea_biofilm_results_AT_additional/preprocessed/reads/Q26_2021/Q26_2021_filtered.R1.fq.gz	/prj/DECODE/ea_biofilm_results_AT_additional/preprocessed/reads/Q26_2021/Q26_2021_filtered.R2.fq.gz
Q29_2021	/prj/DECODE/ea_biofilm_results/preprocessed/reads/Q29_2021/Q29_2021_filtered.R1.fq.gz	/prj/DECODE/ea_biofilm_results/preprocessed/reads/Q29_2021/Q29_2021_filtered.R2.fq.gz
Q34_2021	/prj/DECODE/ea_biofilm_results/preprocessed/reads/Q34_2021/Q34_2021_filtered.R1.fq.gz	/prj/DECODE/ea_biofilm_results/preprocessed/reads/Q34_2021/Q34_2021_filtered.R2.fq.gz
Q35_2022	/prj/DECODE/ea_biofilm_results/preprocessed/reads/Q35_2022/Q35_2022_filtered.R1.fq.gz	/prj/DECODE/ea_biofilm_results/preprocessed/reads/Q35_2022/Q35_2022_filtered.R2.fq.gz
Q38_2022	/prj/DECODE/ea_biofilm_results_AT_additional/preprocessed/reads/Q38_2022/Q38_2022_filtered.R1.fq.gz	/prj/DECODE/ea_biofilm_results_AT_additional/preprocessed/reads/Q38_2022/Q38_2022_filtered.R2.fq.gz
Q41_2021	/prj/DECODE/ea_biofilm_results/preprocessed/reads/Q41_2021/Q41_2021_filtered.R1.fq.gz	/prj/DECODE/ea_biofilm_results/preprocessed/reads/Q41_2021/Q41_2021_filtered.R2.fq.gz
Q50_2022	/prj/DECODE/ea_biofilm_results_AT_additional/preprocessed/reads/Q50_2022/Q50_2022_filtered.R1.fq.gz	/prj/DECODE/ea_biofilm_results_AT_additional/preprocessed/reads/Q50_2022/Q50_2022_filtered.R2.fq.gz
Q53_2022	/prj/DECODE/ea_biofilm_results/preprocessed/reads/Q53_2022/Q53_2022_filtered.R1.fq.gz	/prj/DECODE/ea_biofilm_results/preprocessed/reads/Q53_2022/Q53_2022_filtered.R2.fq.gz
Q56_2022	/prj/DECODE/ea_biofilm_results/preprocessed/reads/Q56_2022/Q56_2022_filtered.R1.fq.gz	/prj/DECODE/ea_biofilm_results/preprocessed/reads/Q56_2022/Q56_2022_filtered.R2.fq.gz
Q62_2022	/prj/DECODE/ea_biofilm_results/preprocessed/reads/Q62_2022/Q62_2022_filtered.R1.fq.gz	/prj/DECODE/ea_biofilm_results/preprocessed/reads/Q62_2022/Q62_2022_filtered.R2.fq.gz
Q63_2021	/prj/DECODE/ea_biofilm_results_AT_additional/preprocessed/reads/Q63_2021/Q63_2021_filtered.R1.fq.gz	/prj/DECODE/ea_biofilm_results_AT_additional/preprocessed/reads/Q63_2021/Q63_2021_filtered.R2.fq.gz
Q64_2021	/prj/DECODE/ea_biofilm_results_AT_additional/preprocessed/reads/Q64_2021/Q64_2021_filtered.R1.fq.gz	/prj/DECODE/ea_biofilm_results_AT_additional/preprocessed/reads/Q64_2021/Q64_2021_filtered.R2.fq.gz
Q7_2022	/prj/DECODE/ea_biofilm_results_AT_additional/preprocessed/reads/Q7_2022/Q7_2022_filtered.R1.fq.gz	/prj/DECODE/ea_biofilm_results_AT_additional/preprocessed/reads/Q7_2022/Q7_2022_filtered.R2.fq.gz
R11_2021	/prj/DECODE/ea_biofilm_results/preprocessed/reads/R11_2021/R11_2021_filtered.R1.fq.gz	/prj/DECODE/ea_biofilm_results/preprocessed/reads/R11_2021/R11_2021_filtered.R2.fq.gz
R1_2021	/prj/DECODE/ea_biofilm_results_AT_additional/preprocessed/reads/R1_2021/R1_2021_filtered.R1.fq.gz	/prj/DECODE/ea_biofilm_results_AT_additional/preprocessed/reads/R1_2021/R1_2021_filtered.R2.fq.gz
R12_2021	/prj/DECODE/ea_biofilm_results/preprocessed/reads/R12_2021/R12_2021_filtered.R1.fq.gz	/prj/DECODE/ea_biofilm_results/preprocessed/reads/R12_2021/R12_2021_filtered.R2.fq.gz
R17_2022	/prj/DECODE/ea_biofilm_results/preprocessed/reads/R17_2022/R17_2022_filtered.R1.fq.gz	/prj/DECODE/ea_biofilm_results/preprocessed/reads/R17_2022/R17_2022_filtered.R2.fq.gz
R19_2021	/prj/DECODE/ea_biofilm_results_AT_additional/preprocessed/reads/R19_2021/R19_2021_filtered.R1.fq.gz	/prj/DECODE/ea_biofilm_results_AT_additional/preprocessed/reads/R19_2021/R19_2021_filtered.R2.fq.gz
R2_2021	/prj/DECODE/ea_biofilm_results_AT_additional/preprocessed/reads/R2_2021/R2_2021_filtered.R1.fq.gz	/prj/DECODE/ea_biofilm_results_AT_additional/preprocessed/reads/R2_2021/R2_2021_filtered.R2.fq.gz
R25_2022	/prj/DECODE/ea_biofilm_results/preprocessed/reads/R25_2022/R25_2022_filtered.R1.fq.gz	/prj/DECODE/ea_biofilm_results/preprocessed/reads/R25_2022/R25_2022_filtered.R2.fq.gz
R26_2021	/prj/DECODE/ea_biofilm_results_AT_additional/preprocessed/reads/R26_2021/R26_2021_filtered.R1.fq.gz	/prj/DECODE/ea_biofilm_results_AT_additional/preprocessed/reads/R26_2021/R26_2021_filtered.R2.fq.gz
R31_2021	/prj/DECODE/ea_biofilm_results_AT_additional/preprocessed/reads/R31_2021/R31_2021_filtered.R1.fq.gz	/prj/DECODE/ea_biofilm_results_AT_additional/preprocessed/reads/R31_2021/R31_2021_filtered.R2.fq.gz
R38_2021	/prj/DECODE/ea_biofilm_results_AT_additional/preprocessed/reads/R38_2021/R38_2021_filtered.R1.fq.gz	/prj/DECODE/ea_biofilm_results_AT_additional/preprocessed/reads/R38_2021/R38_2021_filtered.R2.fq.gz
R38_2022	/prj/DECODE/ea_biofilm_results_AT_additional/preprocessed/reads/R38_2022/R38_2022_filtered.R1.fq.gz	/prj/DECODE/ea_biofilm_results_AT_additional/preprocessed/reads/R38_2022/R38_2022_filtered.R2.fq.gz
R40_2021	/prj/DECODE/ea_biofilm_results_AT_additional/preprocessed/reads/R40_2021/R40_2021_filtered.R1.fq.gz	/prj/DECODE/ea_biofilm_results_AT_additional/preprocessed/reads/R40_2021/R40_2021_filtered.R2.fq.gz
R40_2022	/prj/DECODE/ea_biofilm_results/preprocessed/reads/R40_2022/R40_2022_filtered.R1.fq.gz	/prj/DECODE/ea_biofilm_results/preprocessed/reads/R40_2022/R40_2022_filtered.R2.fq.gz
R44_2021	/prj/DECODE/ea_biofilm_results_AT_additional/preprocessed/reads/R44_2021/R44_2021_filtered.R1.fq.gz	/prj/DECODE/ea_biofilm_results_AT_additional/preprocessed/reads/R44_2021/R44_2021_filtered.R2.fq.gz
R45_2021	/prj/DECODE/ea_biofilm_results/preprocessed/reads/R45_2021/R45_2021_filtered.R1.fq.gz	/prj/DECODE/ea_biofilm_results/preprocessed/reads/R45_2021/R45_2021_filtered.R2.fq.gz
R46_2021	/prj/DECODE/ea_biofilm_results/preprocessed/reads/R46_2021/R46_2021_filtered.R1.fq.gz	/prj/DECODE/ea_biofilm_results/preprocessed/reads/R46_2021/R46_2021_filtered.R2.fq.gz
R57_2022	/prj/DECODE/ea_biofilm_results/preprocessed/reads/R57_2022/R57_2022_filtered.R1.fq.gz	/prj/DECODE/ea_biofilm_results/preprocessed/reads/R57_2022/R57_2022_filtered.R2.fq.gz
R58_2022	/prj/DECODE/ea_biofilm_results_AT_additional/preprocessed/reads/R58_2022/R58_2022_filtered.R1.fq.gz	/prj/DECODE/ea_biofilm_results_AT_additional/preprocessed/reads/R58_2022/R58_2022_filtered.R2.fq.gz
R60_2021	/prj/DECODE/ea_biofilm_results/preprocessed/reads/R60_2021/R60_2021_filtered.R1.fq.gz	/prj/DECODE/ea_biofilm_results/preprocessed/reads/R60_2021/R60_2021_filtered.R2.fq.gz
R63_2022	/prj/DECODE/ea_biofilm_results_AT_additional/preprocessed/reads/R63_2022/R63_2022_filtered.R1.fq.gz	/prj/DECODE/ea_biofilm_results_AT_additional/preprocessed/reads/R63_2022/R63_2022_filtered.R2.fq.gz
R8_2021	/prj/DECODE/ea_biofilm_results_AT_additional/preprocessed/reads/R8_2021/R8_2021_filtered.R1.fq.gz	/prj/DECODE/ea_biofilm_results_AT_additional/preprocessed/reads/R8_2021/R8_2021_filtered.R2.fq.gz
S13_2022	/prj/DECODE/ea_biofilm_results/preprocessed/reads/S13_2022/S13_2022_filtered.R1.fq.gz	/prj/DECODE/ea_biofilm_results/preprocessed/reads/S13_2022/S13_2022_filtered.R2.fq.gz
S20_2021	/prj/DECODE/ea_biofilm_results/preprocessed/reads/S20_2021/S20_2021_filtered.R1.fq.gz	/prj/DECODE/ea_biofilm_results/preprocessed/reads/S20_2021/S20_2021_filtered.R2.fq.gz
S20_2022	/prj/DECODE/ea_biofilm_results_AT_additional/preprocessed/reads/S20_2022/S20_2022_filtered.R1.fq.gz	/prj/DECODE/ea_biofilm_results_AT_additional/preprocessed/reads/S20_2022/S20_2022_filtered.R2.fq.gz
S23_2021	/prj/DECODE/ea_biofilm_results_AT_additional/preprocessed/reads/S23_2021/S23_2021_filtered.R1.fq.gz	/prj/DECODE/ea_biofilm_results_AT_additional/preprocessed/reads/S23_2021/S23_2021_filtered.R2.fq.gz
S24_2021	/prj/DECODE/ea_biofilm_results/preprocessed/reads/S24_2021/S24_2021_filtered.R1.fq.gz	/prj/DECODE/ea_biofilm_results/preprocessed/reads/S24_2021/S24_2021_filtered.R2.fq.gz
S25_2021	/prj/DECODE/ea_biofilm_results/preprocessed/reads/S25_2021/S25_2021_filtered.R1.fq.gz	/prj/DECODE/ea_biofilm_results/preprocessed/reads/S25_2021/S25_2021_filtered.R2.fq.gz
S27_2021	/prj/DECODE/ea_biofilm_results/preprocessed/reads/S27_2021/S27_2021_filtered.R1.fq.gz	/prj/DECODE/ea_biofilm_results/preprocessed/reads/S27_2021/S27_2021_filtered.R2.fq.gz
S27_2022	/prj/DECODE/ea_biofilm_results/preprocessed/reads/S27_2022/S27_2022_filtered.R1.fq.gz	/prj/DECODE/ea_biofilm_results/preprocessed/reads/S27_2022/S27_2022_filtered.R2.fq.gz
S28_2022	/prj/DECODE/ea_biofilm_results_AT_additional/preprocessed/reads/S28_2022/S28_2022_filtered.R1.fq.gz	/prj/DECODE/ea_biofilm_results_AT_additional/preprocessed/reads/S28_2022/S28_2022_filtered.R2.fq.gz
S43_2021	/prj/DECODE/ea_biofilm_results/preprocessed/reads/S43_2021/S43_2021_filtered.R1.fq.gz	/prj/DECODE/ea_biofilm_results/preprocessed/reads/S43_2021/S43_2021_filtered.R2.fq.gz
S5_2021	/prj/DECODE/ea_biofilm_results_AT_additional/preprocessed/reads/S5_2021/S5_2021_filtered.R1.fq.gz	/prj/DECODE/ea_biofilm_results_AT_additional/preprocessed/reads/S5_2021/S5_2021_filtered.R2.fq.gz
S52_2021	/prj/DECODE/ea_biofilm_results_AT_additional/preprocessed/reads/S52_2021/S52_2021_filtered.R1.fq.gz	/prj/DECODE/ea_biofilm_results_AT_additional/preprocessed/reads/S52_2021/S52_2021_filtered.R2.fq.gz
S6_2022	/prj/DECODE/ea_biofilm_results_AT/preprocessed/reads/S6_2022/S6_2022_filtered.R1.fq.gz	/prj/DECODE/ea_biofilm_results_AT/preprocessed/reads/S6_2022/S6_2022_filtered.R2.fq.gz
T10_2021	/prj/DECODE/ea_biofilm_results/preprocessed/reads/T10_2021/T10_2021_filtered.R1.fq.gz	/prj/DECODE/ea_biofilm_results/preprocessed/reads/T10_2021/T10_2021_filtered.R2.fq.gz
T10_2023	/prj/DECODE/ea_biofilm_results_AT_additional/preprocessed/reads/T10_2023/T10_2023_filtered.R1.fq.gz	/prj/DECODE/ea_biofilm_results_AT_additional/preprocessed/reads/T10_2023/T10_2023_filtered.R2.fq.gz
T14_2023	/prj/DECODE/ea_biofilm_results_AT_additional/preprocessed/reads/T14_2023/T14_2023_filtered.R1.fq.gz	/prj/DECODE/ea_biofilm_results_AT_additional/preprocessed/reads/T14_2023/T14_2023_filtered.R2.fq.gz
T16_2021	/prj/DECODE/ea_biofilm_results_AT_additional/preprocessed/reads/T16_2021/T16_2021_filtered.R1.fq.gz	/prj/DECODE/ea_biofilm_results_AT_additional/preprocessed/reads/T16_2021/T16_2021_filtered.R2.fq.gz
T19_2021	/prj/DECODE/ea_biofilm_results/preprocessed/reads/T19_2021/T19_2021_filtered.R1.fq.gz	/prj/DECODE/ea_biofilm_results/preprocessed/reads/T19_2021/T19_2021_filtered.R2.fq.gz
T34_2023	/prj/DECODE/ea_biofilm_results_AT_additional/preprocessed/reads/T34_2023/T34_2023_filtered.R1.fq.gz	/prj/DECODE/ea_biofilm_results_AT_additional/preprocessed/reads/T34_2023/T34_2023_filtered.R2.fq.gz
T35_2023	/prj/DECODE/ea_biofilm_results_AT_additional/preprocessed/reads/T35_2023/T35_2023_filtered.R1.fq.gz	/prj/DECODE/ea_biofilm_results_AT_additional/preprocessed/reads/T35_2023/T35_2023_filtered.R2.fq.gz
T52_2021	/prj/DECODE/ea_biofilm_results_AT_additional/preprocessed/reads/T52_2021/T52_2021_filtered.R1.fq.gz	/prj/DECODE/ea_biofilm_results_AT_additional/preprocessed/reads/T52_2021/T52_2021_filtered.R2.fq.gz
T62_2021	/prj/DECODE/ea_biofilm_results_AT_additional/preprocessed/reads/T62_2021/T62_2021_filtered.R1.fq.gz	/prj/DECODE/ea_biofilm_results_AT_additional/preprocessed/reads/T62_2021/T62_2021_filtered.R2.fq.gz
U13_2021	/prj/DECODE/ea_biofilm_results_AT_additional/preprocessed/reads/U13_2021/U13_2021_filtered.R1.fq.gz	/prj/DECODE/ea_biofilm_results_AT_additional/preprocessed/reads/U13_2021/U13_2021_filtered.R2.fq.gz
U33_2021	/prj/DECODE/ea_biofilm_results/preprocessed/reads/U33_2021/U33_2021_filtered.R1.fq.gz	/prj/DECODE/ea_biofilm_results/preprocessed/reads/U33_2021/U33_2021_filtered.R2.fq.gz
U34_2021	/prj/DECODE/ea_biofilm_results/preprocessed/reads/U34_2021/U34_2021_filtered.R1.fq.gz	/prj/DECODE/ea_biofilm_results/preprocessed/reads/U34_2021/U34_2021_filtered.R2.fq.gz
U39_2021	/prj/DECODE/ea_biofilm_results_AT/preprocessed/reads/U39_2021/U39_2021_filtered.R1.fq.gz	/prj/DECODE/ea_biofilm_results_AT/preprocessed/reads/U39_2021/U39_2021_filtered.R2.fq.gz
U44_2023	/prj/DECODE/ea_biofilm_results_AT_additional/preprocessed/reads/U44_2023/U44_2023_filtered.R1.fq.gz	/prj/DECODE/ea_biofilm_results_AT_additional/preprocessed/reads/U44_2023/U44_2023_filtered.R2.fq.gz
U51_2021	/prj/DECODE/ea_biofilm_results/preprocessed/reads/U51_2021/U51_2021_filtered.R1.fq.gz	/prj/DECODE/ea_biofilm_results/preprocessed/reads/U51_2021/U51_2021_filtered.R2.fq.gz
X12_2021	/prj/DECODE/ea_biofilm_results/preprocessed/reads/X12_2021/X12_2021_filtered.R1.fq.gz	/prj/DECODE/ea_biofilm_results/preprocessed/reads/X12_2021/X12_2021_filtered.R2.fq.gz
X4_2021	/prj/DECODE/ea_biofilm_results_AT_additional/preprocessed/reads/X4_2021/X4_2021_filtered.R1.fq.gz	/prj/DECODE/ea_biofilm_results_AT_additional/preprocessed/reads/X4_2021/X4_2021_filtered.R2.fq.gz
